{"songs": [{"title": "Two Birds, One Stone", "album": null, "year": "2016-10-23", "lyrics": "[Intro]\nYeah, more, yeah\n\n[Verse]\nMore time with family and friends, more life\nMore time to get it right\nIt's only me, but I'm seeing four shadows in the light\nMy demons visit me every night\nTo the most high, I'm forever indebted\nI know I gotta pay somethin', I know that day's comin'\nI put it all in the music\nBecause if I don't say it here, then I won't say nothin'\nCould feel my hand getting tired from holding the grudges\nTwo birds, one stone, my aim is amazin'\nI need to start losing my shit on you niggas that's hatin'\nToo reserved, like I called ahead for me and my lady\nFree C5, how the fuck we got the boss waiting?\nEver since the blue basement, I found God and I lost patience\nBetween rocks and hard places of all places\nSpotted everywhere, like Dalmatian\nCops snoop around now, 'cause all of my dogs famous\nPlease welcome the October fall baby\nVaughan Road Academy, star player\u2014my mind's not all there\nUsed to carry a lot of dead weight like a pallbearer\nPeople too scared to tell the truth, so it's all dares\nCount it, it's all there, and we all square\nQuick money, I'm in and out\nMy dad used to use a soap bar 'til it's thinnin' out\nBut, shit, look at Dennis now, all Stacy Adams and linen'd out\nMore blessings for Sandi and him, more life\nMy parents never got it right\nBut God bless 'em both, I think we all alike\nWe all wide awake late at night, thinking on what to change\nIf we do get to do it twice in another life\nScared to go to sleep now\n'Cause being awake is what all my dreams were like\nBack when the bar that I had set for myself was out of sight\nTell me how I went and did chin-ups on this shit when I can't see it\nPin-ups of Meagan Good and Pam Grier\nSoul sisters inspired my old scriptures\nNow that feeling's gone like them old pictures\nMixin' liquor got us both twisted, words get so vicious\nYou just stare at me while you roll Swishers\nGirl, I love you, but I don't miss ya\nAnd no matter what year it is, I'm a 06er\nGo figure, cold nigga, stay in school, man\nFuck the rap game, it's all lies and it's all filthy\nTwo percent of us rich and the rest of these niggas all milk it\nGot two of my niggas off with a \"not guilty\"\nGave back to the city and never said it if I didn't live it\nBut still they try and tell you I'm not the realest\nLike I'm some privileged kid that never sat through a prison visit\nOr like it was just handed to me tied with a ribbon\nI never worked to get it\nBut really it's you with all the drug dealer stories\nThat's gotta stop, though\nYou made a couple chops and now you think you Chapo\nIf you ask me though, you ain't lining the trunk with kilos\nYou bagging weed watching Pacino with all your niggas\nLike, \"This what we need to be on,\" but you never went live\nYou middle-man in this shit, boy, you was never them guys\nI can tell, 'cause I look most of you dead in your eyes\nAnd you'll be tryna sell that story for the rest of your lives\nCan't show us where the cash is, me, I don't judge\nI'm just going off what the math is, numbers inflated\nThey all look at me, like, \"What have you done for me lately?\"\n\"I like your older shit but wasn't in love with the latest.\"\nAw, baby, stop debatin', I'm just a creative\nMy numbers out of this world\nNo wonder they got me feeling so alienated\nYou were the man on the moon\nNow you just go through your phases\nLife of the angry and famous\nRap like I know I'm the greatest then give you tropical flavors\nStill never been on hiatus\nYou stay xann'd and perk'd up\nSo when reality set in, you don't gotta face it\nI'm down 200 in Vegas but winning life on a daily basis\nIt seems like nobody wants to stay in my good graces\nI'm like a real estate agent, putting you all in your places\nLook what happens soon as you talk to me crazy\nIs you crazy?", "image": "https://images.genius.com/81118b1faf9c7377180039e385a15543.597x597x1.jpg"}], "artist": "Drake"}