{"songs": [{"title": "I Do This", "album": "Born Successful", "year": "2009-08-15", "lyrics": "[Verse 1: Drake]\nUh, shit's all good\nThe deal got signed, and my split's all good\nAnd these haters pretending that it's all good\nSay that shit in person man, I wish y'all would\nI'm a motherfuckin' genius, goddammit\nI ain't the type to murder you, I'm more the type to plan it\nSo please take a seat if you really can't stand it\nGot success in my pocket and these rappers in a panic\nBut Belly told me to do me\nAnd don't listen to anybody that knew me\n'Cause to have known me would mean that there's a new me\nAnd if you think I've changed, then the slightest could have fooled me\nYeah, and to my city I'm the 2-3\nDrug dealers live vicariously through me\nNo bench time, nickname's \"Starter Drake\"\nFranchise player, I don't even get a water break\nAnd these other niggas is hardly mentioned\nI bet that with this pen, I could draw attention\nBut you could tell by my strut\nI'm just chillin' in the cut, nigga what, and I'm feelin' like\n\n[Chorus: Drake & Belly]\nI get it, I get it, I get it 'til I'm done\nTell them rappers I'm the man in the city that I run\nSo you holla at me pimpin' if you plannin' on a visit\nAnd they say that you can talk it when you live it\nI'm tryna tell you I do this, but you don't wanna go there homie\nI'm tryna tell you I do this, but you don't wanna go there homie\nI'm tryna tell you I do this, but you don't wanna go there homie (Drake)\nI'm tryna tell you do this, but you don't wanna go there homie\n\n[Verse 2: Belly]\nHere I go, street reaper\nBallin' over here, we need three courts\nViolence, you don't wanna resort\nThe house looks something like a resort\nYou can't resist bein' rich when you record\nWhen this money runs slower than Eeyore\nIf your life is a movie, you a extra\nI'm so fly, I glide: Clyde Drexler (wooh)\nMister pressure, bitch I'm fresher\nThey must heard that they'll never catch up\nSomebody throw a sign to the catcher\nI'm at the plate right now, fuck next up\n\n[Chorus: Drake & Belly]\nI get it, I get it, I get it 'til I'm done\nTell them rappers I'm the man in the city that I run\nSo you holla at me pimpin' if you plannin' on a visit\nAnd they say that you can talk it when you live it\nI'm tryna tell you do this, but you don't wanna go there homie\nI'm tryna tell you I do this, but you don't wanna go there homie\nI'm tryna tell you I do this, but you don't wanna go there homie\nI'm tryna tell you I do this, but you don't wanna go there homie", "image": "https://images.genius.com/09c843b49a2466e1a43f2a46ad8bcf1c.500x500x1.jpg"}], "artist": "Drake"}