{"songs": [{"title": "Energy", "album": "If You\u2019re Reading This It\u2019s Too Late", "year": "2015-02-13", "lyrics": "[Produced by Boi-1da & OB O'Brien]\n\n[Intro: DJ Jah Walton and Drake]\nLickwood means \"rewind\" and gunshot means \"forward\"\nYou requested it, so we rewind\nYeah, way, way, way up\nTurn it all up, yeah, look\n\n[Hook]\nI got enemies,  got a lot of enemies\nGot a lot of people tryna drain me of my energy\nThey tryna take the wave from a nigga\nFuckin\u2019 with the kid and pray for your nigga\n\n[Verse 1]\nI got girls in real life tryna fuck up my day\nFuck goin\u2019 online, that ain\u2019t part of my day\nI got real shit poppin\u2019 with my family too\nI got niggas that can never leave Canada too\nI got two mortgages, thirty million in total\nI got niggas that\u2019ll still try fuckin\u2019 me over\nI got rap niggas that I gotta act like I like\nBut my actin\u2019 days are over, fuck them niggas for life, yeah\n\n[Hook]\nI got enemies,  got a lot of enemies\nGot a lot of people tryna drain me of this energy\nThey tryna take the wave from a nigga\nFuckin\u2019 with the kid and pray for your nigga\n\n[Verse 2]\nI got people talkin\u2019 down, man, like I give a fuck\nI bought this one a purse, I bought this one a truck\nI bought this one a house, I bought this one a mall\nI keep buyin\u2019 shit, just make sure you keep track of it all\nI got bitches askin\u2019 me about the code for the Wi-Fi\nSo they can talk about they Timeline\nAnd show me pictures of they friends\nJust to tell me they ain\u2019t really friends\nEx-girl, she the female version of me\nI got strippers in my life, but they virgins to me\nI hear everybody talkin' 'bout what they gon' be\nI got high hopes for you niggas, we gon\u2019 see\nI got money in the courts 'til all my niggas are free\n'Bout to call your ass a Uber, I got somewhere to be\nI hear fairy tales \u2018bout how they gon\u2019 run up on me\nWell, run up when you see me, then, and we gon\u2019 see\n\n[Hook]\nI got enemies,  got a lot of enemies\nGot a lot of people tryna drain me of this energy\nThey tryna take the wave from a nigga\nFuckin\u2019 with the kid and pray for your nigga\n\n[Verse 3]\nNah, fuck all of you niggas, I ain\u2019t finished\nY\u2019all don\u2019t wanna hear me say it\u2019s a go\nY\u2019all don\u2019t wanna see Win Win, 50 or Whoa\nI got real ones livin\u2019 past Kennedy Road\nI got real ones wit' me everywhere that I go\nI\u2019m tryna tell ya I got enemies, got a lot of enemies\nEvery time I see \u2018em, somethin\u2019 wrong with their memory\nTryna take it away from a nigga\nSo tired of savin\u2019 all these niggas, mayne\nYeah, run 'em\n\n[Hook]\nI got enemies, got a lot of enemies\nGot a lot of people tryna drain me of this energy\nThey tryna take the wave from a nigga\nFuckin\u2019 with the kid and pray for your nigga\n(I'm off this)", "image": "https://images.genius.com/a6765d5d9f13266b9faeab04ec6a1174.315x315x1.jpg"}], "artist": "Drake"}