{"songs": [{"title": "Go Out Tonight", "album": null, "year": "2015-05-22", "lyrics": "[Verse]\nYou've been home for three whole days\nActin' like you got chores to do\nBoy this house is way too clean\nI don't think there's nothing more to do\nOh, you don't need that girl, she did it all wrong\nYou was still you before she ever came along\nGet over it, get over it\nI mean I understand the pain\nSomeone did me the same\nI just put that nigga in his place then I got over it\nThen I got over it and if you wanna know the truth\n\n[Chorus]\nI think you should just get dressed and go out tonight\nGo out tonight\nOrder you a drink, don't even overthink\nCall a couple friends you know you can have some fun with\nAnd go out tonight, go out tonight\nCause you might just meet me\n\n[Outro]\nAnd I'm lookin' for, and I'm lookin' for\nAnd I'm lookin' for somebody to be with\nAnd I'm lookin' for what you're lookin' for\nYeah, you might just meet me\nAnd I'm lookin' for, and I'm lookin' for\nAnd I'm lookin' for somebody to be with\nAnd I'm lookin' for what you're lookin' for\nYeah, you might just meet me", "image": "https://images.genius.com/22999a3378819809ee4848f7c60a744c.1000x1000x1.jpg"}], "artist": "Drake"}