{"songs": [{"title": "Bar Mitzvah in 1999", "album": null, "year": null, "lyrics": "[Hook]\nI'm black and Jewish\nDon't be so foolish\nI'm black and Jewish\nIt's a Mitzvah\n\n[Verse]\nPlease don't forget I'm black, please don't forget I'm Jewish\nI play ball like Lebron and I know what a W-2 is\nChilling in Boca Raton with my mensch, Lenny Kravitz\nThe only purple drink we sip is purple Manischewitz\nAt my show, you won't simply put your hands in the air\nWe can also raise a chair or recite a Jewish prayer\nLike Baruch Yitadel Yisrael\nVe'et ha Kim Kardashian Kanye West, amen\nI eat Hova with nova, knishes with my bitches\nA bagel and cream cheesy with my boy, his name is Weezy\nDo not go to Feingold's, though\nThe pickles are rubber\nAnd I will not be harming ya\nI read the Old Testament, okra and matzahball, I'll eat the rest of it\nI celebrate Hanukkah, dated Rihannakah\nBirth right in Israel, mama from Canada\nDaddy from Africa\nBest of worlds when you're Jewish with black in ya\nChallah!", "image": "https://images.genius.com/22999a3378819809ee4848f7c60a744c.1000x1000x1.jpg"}], "artist": "Drake"}