{"songs": [{"title": "PAYBACK (Stunt On U)", "album": null, "year": "2015-12-02", "lyrics": "[Intro - Drake]\nUgh ...\n\n[Verse - FindTheL]\nYou're crazy to wanna play this game\nYou don't wanna play this game with me\nI know how to push your buttons\nHow you want it\nGirl it's all the same\nWhen you had me you didn't show me love\nNow I made it I'm all up in this club\n(Hm)\nAnd I got Drake all on this song\nWatch your girlfriends sing along\nYou did me wrong so ...\n\n[Chorus - Drake]\nI'm gonna stunt on you\nI'm gonna stunt on you\nYou let me go\nLittle did you know\nI could of made it\nAll on my own\n\n[Verse - Drake]\nIt's ten o'clock on a Wednesday and I know you're home\nDriving up and down your street hoping that you come outside\nCause I just got paid and I went and bought the car you wanted\nAnd I just need you to see me ohh ou ohh\nChildish as it seems it will make it all better better\nSelfish as it is this just ain't about you no\nDid me wrong every time we were together\nAnd that why ...\n\n[Chorus - Drake]\nI'm gonna stunt on you\nI'm gonna stunt on you\nYou let me go\nLittle did you know\nI could of made it\nAll on my own\n\n[Breakdown - FindTheL]\nAll on my ...\nAll on my own\nAll on my ...\nAll on my own, yeah\nGirl I just wanted to stunt ...\nGirl I just wanted to stunt on you, on you\n\n[Chorus - Drake]\nI'm gonna stunt on you\nI'm gonna stunt on you\nYou let me go\nLittle did you know\nI could of made it\nAll on my own\nDONTHRILLA BITCH!", "image": "https://images.genius.com/22999a3378819809ee4848f7c60a744c.1000x1000x1.jpg"}], "artist": "Drake"}