{"songs": [{"title": "Slow It Down", "album": "Born Successful", "year": null, "lyrics": "Hey girl\nDo you want my number\nThat way you can call me\nEvery time I come into town\nAnd then I will\nDrive up to your house and\nTake you out to dinner\nI dont expect nothin at all\n\nChorus:\nBut what if we happen to kiss\nAnd we touch\nPut a rush on it\nAnd get over with\nOr what if I just know\nWhat you like\nAnd it feels right\nThen its over with\nOr if I dont call you back\nProve you right\nOr this last\nJust one night\n(maybe we should slow it down)\nSlow slow slow\n\nHey girl\nIm back in atlanta\nSecond dates are lovely\nThis time you should choose were wego\nNeed suggestions\nHow about the movies\nMini Golf or ice cream\nIm not picky you let me know\n\nChorus:\nBut what if we happen to kiss\nAnd we touch\nPut a rush on it\nAnd get over with\nOr what if I just know\nWhat you like\nAnd it feels right\nThen its over with\nOr if I dont call you back\nProve you right\nOr this last\nJust one night\n(maybe we should slow it down)\nSlow slow slow\n\nInstrumental\n\nChorus:\nBut what if we happen to kiss\nAnd we touch\nPut a rush on it\nAnd get over with\nOr what if I just know\nWhat you like\nAnd it feels right\nThen its over with\nOr if I dont call you back\nProve you right\nOr this last\nJust one night\n(maybe we should slow it down)\nSlow slow slow", "image": "https://images.genius.com/09c843b49a2466e1a43f2a46ad8bcf1c.500x500x1.jpg"}], "artist": "Drake"}