{"songs": [{"title": "Pound Cake / Paris Morton Music 2", "album": "Nothing Was the Same", "year": "2013-09-24", "lyrics": "[Part 1: Pound Cake, Produced by Boi-1da, Matthew Burnett, and Jordan Evans]\n\n[Intro: Jimmy Smith]\nGood God Almighty\u2014like back in the old days...\nYou know, years ago they had the A&R men to tell you what to play, how to play it and you know whether it's disco and rock but we just went in the studio and we did it. We had the champagne in the studio, of course\u2014compliments of the company\u2014and we just laid back and did it. So we hope you enjoy listening to this album half as much as we enjoyed playing it for you. Because we had a ball. Only real music is gonna last\u2014all the other bullshit is here today and gone tomorrow...\n\n[Chorus: Timbaland]\nCash rules everything around me, frikki-frikki-frik\nC.R.E.A.M.; get the-get the-get the-get the\nGet the-get the-get the-get the money, dollar-dollar\nD-d-d-d-dollar-dollar, dollar-dollar bill y'all (y'all, y'all)\nCash rules everything around me, frikki-frikki-frik\nC.R.E.A.M.; get the-get the-get the-get the\nGet the-get the-get the-get the money, dollar-dollar\nD-d-d-d-dollar-dollar, dollar-dollar bill y'all (y'all, y'all)\n\n[Verse 1: Drake]\nYeah, after hours at Il Mulino\nOr Sotto Sotto, just talkin' women and vino\nThe contract like '91 Dan Marino\nI swear this guy Michael Rapino's boosting my ego\nOverly focused, it's far from the time to rest now\nDebates growin' 'bout who they think is the best now\nTook a while, got the jokers out of the deck now\nI'm holdin' all the cards and niggas wanna play chess now\nI hear you talking, say it twice so I know you meant it\nFuck it, I don't even tint it, they should know who's in it\nI'm authentic, real name, no gimmicks\nNo game, no scrimmage, I ain't playin' with you niggas at all\nMy classmates, they went on to be chartered accountants\nOr work with their parents\nBut thinkin' back on how they treated me\nMy high school reunion might be worth an appearance\nMake everybody have to go through security clearance\nTables turn, bridges burn, you live and learn\nWith the ink I could murder, word to my nigga Irv\nYeah, I swear shit just started clickin' dog\nYou know it's real when you are who you think you are\n\n[Chorus: Timbaland]\nCash rules everything around me, frikki-frikki-frik\nC.R.E.A.M.; get the-get the-get the-get the\nGet the-get the-get the-get the money, dollar-dollar\nD-d-d-d-dollar-dollar, dollar-dollar bill y'all (y'all, y'all)\nCash rules everything around me, frikki-frikki-frik\nC.R.E.A.M.; get the-get the-get the-get the\nGet the-get the-get the-get the money, dollar-dollar\nD-d-d-d-dollar-dollar, dollar-dollar bill y'all (y'all, y'all)\n\n[Verse 2: JAY-Z]\nUh, I had Benzes 'fore you had braces\nThe all-black Maybach but I'm not a racist\nInside's whiter than Katy Perry's face is\nYellow diamonds in my Jes\u00fas\nI just might learn to speak Mandarin\nJapanese for the yen that I'm handlin'\nInternational Hov, that's my handle\nMy saint's Chang\u00f3, light a candle\nEl Gran Santo on the mantle\nCase y'all didn't know, I speak Spanish too, uh\nShout out to World Wide Wes\nEverywhere we go, we leave a worldwide mess\nYes, still Roc La Familia\nSays a lot about you if you not feeling us\nThe homie said \"Hov, it ain't many of us\"\nI told 'em \"Less is more, nigga, is plenty of us\"\n\n[Chorus: Timbaland]\nCash rules everything around me, frikki-frikki-frik\nC.R.E.A.M.; get the-get the-get the-get the\nGet the-get the-get the-get the money, dollar-dollar\nD-d-d-d-dollar-dollar, dollar-dollar bill y'all (y'all, y'all)\n\n[Verse 3: JAY-Z]\nCake, cake-cake, cake-cake, cake\n500 million, I got a pound cake\nNiggas is frontin', that's upside-down cake\nGet 'em a red nose, they clown cakes\nThey shoulda never let you 'round cake\nLook at my neck, I got a karat cake, uh\nNow here's the icin' on the cake\nCake, cake-cake, cake-cake, uhh\nI'm just gettin' started, oh, yeah, we got it bitch\nI've done made more millionaires than the lotto did\nDame made millions, Biggs made millions\nYe made millions, Just made millions\nLyor made millions, Cam made millions\nBeans'a tell you if he wasn't in his feelings\nUh, I'm back in my bag\nMy eyes bloodshot but my jet don't lag\nA pair of Jordan 3's tryna chase this cash\nGucci airbag just in case we crash\nUh, last night was mad trill\nI'm fresh out of Advil, Jesus grab the wheel\n\n[Part 2: Paris Morton Music 2, Produced by Detail]\n\n[Verse 4: Drake]\nLook, fuck all that \"Happy to be here\" shit that y'all want me on\nI'm the big homie, they still be tryna lil bro me, dog\nLike I should fall in line, like I should alert niggas\nWhen I'm 'bout to drop somethin' crazy\nAnd not say I'm the greatest of my generation\nLike I should be dressing different\nLike I should be less aggressive and pessimistic\nLike I should be way more nervous and less dismissive\nLike I should be on my best behavior and not talk my shit\nAnd do it major like the niggas who paved the way for us\nLike I didn't study the game to the letter\nAnd understand that I'm not doin' it the same\nMan, I'm doing it better\nLike I didn't make that clearer this year\nLike I should feel, I don't know, guilty for saying that\nThey should put a couple more mirrors in here\nSo I can stare at myself\nThese are usually just some thoughts\nThat I would share with myself\nBut I thought \"Fuck it\", it's worth it to share 'em\nWith someone else other than Paris for once\nI text her from time to time, she a mom now\nI guess sometimes life forces us to calm down\nI told her she could live with me if she need to\nI got a compound but I think she's straight\n'Cause she supported since Hot Beats\nRight before Wayne came and got me\nOut of the back room where I was rapping with Jas\nOver beats that I shouldn't have in the hopes for the glory\nHe walked right past in the hallway\nThree months later, I'm his artist\nHe probably wouldn't remember that story\nBut that shit stick with me always\nCouldn't believe when he called me\nYou never know, it could happen to you\nAnd I just spent four Ferraris all on a brand new Bugatti\nAnd did that shit 'cause it's somethin' to do\nYeah, I guess that's just who I became, dawg\nNothing was the same, dawg", "image": "https://images.genius.com/9838d0b45ef0f886d371a0e2572f7c6c.1000x1000x1.jpg"}], "artist": "Drake"}