{"songs": [{"title": "What I\u2019m Thinking Now", "album": null, "year": null, "lyrics": "Yes\nI'm on that old switch lane shit\nJay, Biggs, Dane shit\nTalking about them niggas that my daddy pitch came with\nCause I never learned the \"biz\" i learned the language\nWell spoken, Man i should've went to Cambriege\nAnd momma would always claim this:\n\"I never expected the outcome\"\nBut one day I became this\nFamous\nNo longer nameless\nMore gain\nBut Im the same\nI will remain this\nI'm still focused\nI stay grounded\nYou see I ran with a style when they clowned it\nSo read 48 laws if you never read it\nCuz that is one of the main reasons I'm level headed\nDespite the accumalated success\nIf my attitude that was straight I made a regress\nI never want to win the lottery only because my uncle told me\n\"He who made it by struggling, made it the best\"\nSo with that on my chest\nI'm down on my last 12 G's\n\nGoing through my closet thinking:\n\"I should probably sell these\"\nChanel C's, and LV's\nSomebody stop before I really start to rebel please\nI spend it all\nWho needs anymore?\nWho's satisfied doing good deeds anymore?\nWho grieves anymore?\nWho believes anymore?\nWho graduated school and still reads anymore?\nNot me\nThat should have my whole race shook\nCause we don't read novels\nBut we do face book\nThe new craze is having that new age look\nIf I said I liked it I'd feel like a 2 faced crook\nNah\nI tell retro kids:\n\"Tie that bandana just a little bit tighter til it suficates you biter\"\nCuz i dont wear bright colors or rope chains\nI'm a G my daddy was in the dope game", "image": "https://images.genius.com/22999a3378819809ee4848f7c60a744c.1000x1000x1.jpg"}], "artist": "Drake"}