{"songs": [{"title": "Since Way Back", "album": "More Life", "year": "2017-03-18", "lyrics": "Part I\n\n[Intro: PARTYNEXTDOOR]\nYeah\n(Crowd Talking)\n\n[Verse 1: PARTYNEXTDOOR]\nPool in my eyes\nAs you beg, I testify that\nI hate being alone\nBut you finally got me out my zone\nI know and I miss you\nKnow when I'm tripping\nOh, yes it's difficult\nThank God I'm Christian\nRemember how this all begun, just us\nMy mama said you was bad news\nLike, \"Dun-dun-dun-dun\"\nYou proved her right, every single night\nOh my, oh my, can't close my eyes\nCan't open my eyes, don't know what to do\nI'm in some kind of mood\nYou're so beautiful, you're so beautiful\n\n[Chorus: PARTYNEXTDOOR]\nWe gotta listen to some old Kelly\nYou slipped out if you don\u2019t know already\nGirl, I know you know already\nGirl, I know you know already\nThings are gettin' hot and heavy\nThings are gettin' hot and heavy\nGirl, I know you know already\nGirl, I know you, girl, I know you\n\n[Refrain: PARTYNEXTDOOR]\nGirl, I know you know already\nWhat haven't we done before?\nWhat is not already mine?\nCouldn't tell you what's not yours\n\n[Verse 2: Drake]\nYou said that you think about me every day\nSaturday to Saturday\nYou see that I've been goin' through it\nHopin' everything's okay\nI just want to let you know\nEverything these days is textual\nI just want to get a lil' sexual, with you\n'Cause I remember way, way back\nWith the waves under the wave cap\nYou were someone else's wife in fact\nYou didn't even look at me like that\nThen it all just switched, over time\nStep by step and you know what's next\nGirl, I can't pretend\n\n[Chorus: PARTYNEXTDOOR]\nWe gon' have to listen to some old Kelly\nYou slipped out if you don't know already\nGirl, I know you know already\nGirl, I know you know already\nThings are gettin' hot and heavy\nThings are gettin' hot and heavy\nGirl, I know you know already\nGirl, I know you know how it's gon' go down\nI know you, babe\n\n[Refrain: PARTYNEXTDOOR]\nGirl, I know you know already\nWhat haven't we done before?\nWhat is not already mine?\nCouldn't tell you what's not yours\nYeah, you know already\nTell you what's not yours\nTell you what's not yours\n\nPart II\n\n[Verse 3: Drake]\nSix months since I've been back in the Six\nAnd I can't help but wonder how you've been, babe\n\n[Bridge: Drake]\nWhat are you on?\nGotta let me know something\nWhat are you on?\nGotta let me know something\nWhat are you on?\nGotta let me know something\nWonder how you've been\n\n[Verse 4: Drake]\nI've been out in Bel-Air like Will was\nThese streets got so familiar\nMalibu coast where I meditate\nBook a plane home, then I hesitate\nScared to see what I left behind\nIt's weighin' heavy on my mind\nAnd I can't help but wonder how you've been, babe\n\n[Bridge: Drake]\nWhat are you on?\nGotta let me know something\nWhat are you on?\nGotta let me know something\nWhat are you on?\nGotta let me know something\nWonder how you've been, babe\n\n[Chorus: PARTYNEXTDOOR]\nR. Kelly\nYou slipped out if you don't know already\nGirl, I know you know already\nGirl, I know you know already\nThings are gettin' hot and heavy\nThings are gettin' hot and heavy\nGirl, I know you know already\nGirl, I know you know how it's gon' go down", "image": "https://images.genius.com/4672f8523e0fbf7f7848185256e946f4.1000x1000x1.jpg"}], "artist": "Drake"}