{"songs": [{"title": "Nothings Into Somethings", "album": "More Life", "year": "2017-03-18", "lyrics": "[Intro: DJ Paul]\nYou ever hear some slow tracks, you know what I'm sayin'?\nWith, like, some pimpin' to it, or somethin'\nThat you can relax, pop a top to, or somethin'?\n\n[Verse 1: Drake]\nBig cup of Ac', I'm drowsy\nI'm still posted up where you first found me\nDid I just read that you just got engaged on me?\nI heard from your friend, you couldn't even tell me\nOr better yet, wait on me\n\n[Chorus: Drake]\nNah, sha-nah-nah-nah-nah-nah\nSha-nah-nah-nah-nah-nah\nCan't just leave it off that way\nSha-nah-nah-nah-nah-nah\nSha-nah-nah-nah\nCan't just leave it off that way, nah\n\n[Verse 2: Drake]\nLeast, do I get an invitation or something?\nA statement or something?\nAsk about that, you would say it was nothing\nBut here's another nothing that you made into something\nCan't just leave it off that way", "image": "https://images.genius.com/4672f8523e0fbf7f7848185256e946f4.1000x1000x1.jpg"}], "artist": "Drake"}