{"songs": [{"title": "9", "album": "Views", "year": "2016-04-29", "lyrics": "[Intro]\nYeah, for the dogs dem, you know\nMan when shit gets like this, man the whole city\nShit's crazy right now, and shit ain't gonna stop\nKnow shit gonna get a lot more worse before it get any better\n\n[Verse 1]\nLook, momma hit my phone and said rap's no good\nBetter than her telling me the check's no good\nNow they wanna act like I do no good\nFunny 'cause I really did more than I should\nI made a decision last night that I would die for it\nJust to show the city what it takes to be alive for it\nCan't get me on the line so they hang me out to dry for it\nYou know 40 wants peace but I'm down to cut ties for it\nAnd I can't sleep these days unless I take one\nIf they don't have a story these days, they'll make one\nLife is always on, man, I never get a break from it\nDoesn't matter where I go, I can never get away from it\nThey give me loyalty and I don't gotta pay for it\nSame way, breads gotta break for it\nKeeping people fed is my only peace of mind now\nAnd I turn the six upside down, it's a nine now\nI made a decision last night that I would die for it\n\n[Chorus]\n(Dying, yeah, yeah, gangstas, gangstas, gangstas...)\n(Dying, yeah, yeah, gangstas, gangstas, gangstas...)\n(Dying, yeah, yeah, gangstas, gangstas, gangstas...)\n(Dying, yeah, yeah, gangstas, gangstas, gangstas...)\n\n[Verse 2]\nAll these hand outs, man it's getting outta hand\nI'ma start telling niggas \"Get it how you can\"\nI got it right now so I'm everybody's friend\nIf I ever lose I bet we never speak again\nI made a decision last night, I'd die for it\nJust to show the city what it takes to be alive for it\nFirst place, first place, man we can't be tied for it\nI only drove it five times, paid 1.5  for it\nKeychain go jang-a-lang, I wanna do major things\nMJ in every way, I just don't fade away\nSix upside down, it's a nine now\nLike Mannie, like Stunna, man, shit is big time now\nAnd I made a decision last night that I would die for it\n\n[Chorus]\n(Dying, yeah, yeah, gangstas, gangstas, gangstas...)\n(Dying, yeah, yeah, gangstas, gangstas, gangstas...)\n(Dying, yeah, yeah, gangstas, gangstas, gangstas...)\n(Dying, yeah, yeah, gangstas, gangstas, gangstas...)\n\n[Outro]\nMake me feel the same way that I did to you\nTrust me when I say I thought it all through\nTrust me when I say that shit is old moves\nGod made himself a way from me to you\nTried to kill me but they still want the Views\nTried to kill me but they still want the Views\nTried to kill me but I am very much alive on the six side\nYeah, I said I am very much alive on the six side\nI said I am....", "image": "https://images.genius.com/6f4b9c41ccb18485cccd6aa364ccc3b8.1000x1000x1.jpg"}], "artist": "Drake"}