{"songs": [{"title": "True Story*", "album": null, "year": null, "lyrics": "**Lyrics from snippet**\n\n[Verse]\nGuess I got the mind of a little man\n[Bras] are like women, about how you hit a man\nThen she tell a story, this shit kinda bitter man\nThis is a nut [?], about how you did it man\nYou never hit, so you feel like a silly man\nShe never mention the spot that you fillin' in\nShe keep on tellin' your friends, your head in a spin\nYou can't even win, your head in a dance\nShe won't let it in, you spend it on her, she spend it on him\nYou see a check, then you see a grand\nAs soon as you speak, I pace as [?]\nA face in the sand, a face [?] her man\nAnd ya'll take your pictures, save it a chance\nShe call you a name, you scratchin' your chin\nLike who is this nigga man, who is a [?]\nYou finally get it, you catchin' ahead\nSuckin' your head, I'm far out the wing\nAnd she tried to vent 'bout she wasn't in\nHow she really good, how she ain't a pimp\nThen you take her back, she do it again\nThe story are, niggas are really a wimp, ey", "image": "https://images.genius.com/22999a3378819809ee4848f7c60a744c.1000x1000x1.jpg"}], "artist": "Drake"}