{"songs": [{"title": "Heartbreak Drake Intro", "album": "Heartbreak Drake", "year": null, "lyrics": "[Intro: DJ Ill Will]\nIt's ya boy, DJ Motherfuckin IllWill\nYou know I had to team up with my man DJ Rampage for this shit right here\nWe brought along the homie DJ Rockstar to make this a big motherfuckin event\nMy man, Drake, AKA Heartbreak Drake, AKA Interscope's brand new franchise player\nTorronto, stand the fuck up\nHeartbreak Drake, let's go!", "image": "https://images.genius.com/405c9bcb0dcbee7d15bcc86cd8e8366a.500x500x1.jpg"}], "artist": "Drake"}