{"songs": [{"title": "Stunt on You", "album": "Born Successful", "year": null, "lyrics": "[Verse]\nIt's 10 O'clock on a Wednesday and I know your home\nDrivin up and down your street\nHopin that you'll come outside\nCause I just got paid and I went and bought the car you wanted\nAnd I just need you to see me\nChildish as it seems, it'll make it all better, better\nSelfish as it is, this just ain't about you no\nDid me wrong every time we were together, -gether\nAnd that's why\nI'm gonna stunt on you\nI'm gonna stunt on you\nYou let me go, little did you know\nI could've made it all on my own", "image": "https://images.genius.com/09c843b49a2466e1a43f2a46ad8bcf1c.500x500x1.jpg"}], "artist": "Drake"}