{"songs": [{"title": "The Usual", "album": "Young Sweet Jones 2", "year": null, "lyrics": "Intro:\nI wouldn't be me if I didn't get a little nasty\nNa na na na na na na na\nNa na na na na na na na\nNa na na na na na na hey\nThey say all I talk about is sex\n\nVerse (Trey Songz):\nHow 'bout we just pull over and do it where we at\nHow 'bout you just lift that skirt up, ooh we can be bad\nThat place that ain't been touched, I'm feelin on it\nAll that juicy fruit, keep spillin' on it\nGirl, giddyup, get it up take me on a ride to extacy\nYou don't wanna pump pump then take a nap\nYou just wanna pump pump, bring it right back\nWatch me (Watch me), Im'a heat it up beat it up\n\nHook:\nKnow you're tired of the usual, usual, usual\nI can give you more than the usual\nNot your regular, tell you what, let me touch\nYou gon' feel something unusual, unusual, unusual\nI'm not coming with the usual\nNot your regular, tell you what, let me touch\nYou gon feel something unusual\n\nVerse (Trey Songz):\nI want to do the freaky things you never do\nWhat if we did it while your friends was in the room\nIs that too much for ya?\nDon't you feel bad, let them see your sexy ass\nWe can make a sex room wherever we go\nTake it to the restroom, they ain't got to know (no)\nWatch me heat it up beat it up\nHey, do you hear me girl\nWoah watch me heat it up beat it up\n\nHook:\n\nBridge:\nRestaurants (check), Cinemas (check)\nOn the hood (check) of the car\nCounter top (check), Balcony (check)\nIn the jet (check), On the beach (leggo)\n\nRap (Drake):\nThis that other shit, You know your asked for it\nI might just send you some money to get your passport\nSo you can come to my city, I'll take you all over\nAnd hit you on the balcony just don't fall over\nSend me your picture baby you know I'll never leak it\nI know you got something recent for someone decent\nWhy you laughin' out loud, I'm serious\nBring your girl if she's a little bi-curious\nPlease, please no story tellin' to others\nI promise you gon' love it\nI would never let you down\nFeel like I might have perfected all the things that you expected\nYou gon know it when you bring your ass around\n\nHook:\n\nOutro:\nDo it all different ways or different places\nLook at the many love faces your makin'\nBut can you take it\n\nYall thought I was nasty last time...Leggo", "image": "https://images.genius.com/d0129f5c63f1ee10f591e6ce8849c5c5.500x500x1.jpg"}], "artist": "Drake"}