{"songs": [{"title": "King Leon", "album": null, "year": null, "lyrics": "[Intro]\nLets go\nWell alright, well alright\nLook\nUh\n\n[Verse]\nFeeling sorry for the runner up\nI\u2019m still awake, getting money while the sun is up\nAnd they keep saying how they need me to deliver\nCause they hate it when the rookie star doesn\u2019t put the numbers up\nMan, hate is so pass\u00e9, catch me in a Tom Ford suit on draft day\nNigga and it\u2019s just me and my money\nYa don\u2019t even get to play when ya\u2019ll leading by 20\nYeah I infiltrated the game\nI was hesitant at first and fear what it would change\nNow I\u2019m high off the success and faded off of the fame\nAnd still managed to keep all of my opinions the same\nI am so far gone bitch I'm outta here\nHotter than standing inside rocking outerwear\nI want it all man, I never learned how to share\nI also can no longer converse with you thousandaires\nWow, I swear I'm killing shit I'm killing shit\nShout out to the niggas I just made a couple million with\nYeah from the beginning to the end\nKnow I\u2019m into making history not into making friends\nMuthafuckaaaa\u2026", "image": "https://images.genius.com/22999a3378819809ee4848f7c60a744c.1000x1000x1.jpg"}], "artist": "Drake"}