{"songs": [{"title": "About the Game", "album": "Room for Improvement", "year": "2007-02-14", "lyrics": "[Intro: Drake]\nHo, yeah, uh huh\nIt's Trey Songz and uh, D-R-A-K-K-E\nAhahaha, the boys of summer are here man\nAyo Trey, I got something mean for this one boy\n\n[Verse 1: Drake]\nChances are most of the days you was lying around\nI made money thats why these girls eyeing me down\nBy nineteen I might seem destined for millions\nPromoters on my ass so I'm guessing they filled in\nI take cues from my big boy Popz\nI'm the only young dude that the big boys watch\nThey getting foul on the star\nBut it's all eyes on me like I'm copying some vows for the bar\nGet it?\nGuess not\nPicture me not strive\nTo land in the top ten slip in the top five\nSame thing in the top four trust I'm hot boy\nMaybe even the top three Trey you got me?\nNowadays I peak they interests\nEspecially when life's bringing them pain and lately they been stressed\nMoney making brothers should take notes\nSee broke niggas is the problem and us is the scape goat\nSomebody get the waiter\nThey need a second plate a this knowledge\nIf you ain't got it you could catch it later\nMy money and love is separate before I commit to date her\nI put a split in the middle and learn to separate her\n\n[Hook: Trey Songz]\nIt ain't about the rims on my truck\nAin't about the ice on my watch\nAin't about the coupe or my truck\nBaby it's about the game\n\n[Verse 2: Trey Songz]\nRidin' low\nLayed back in the seat when I creep\nThat's just how I roll\nWith some fresh nice ones on my feet\nGirl that's how it goes\nAnd I'm tryin' to find a chick I can meet who ain't 'bout the dough\nCause it ain't all about that no more\n\n[Hook x2]\n\n[Verse 3: Trey Songz]\nWhen you ask why I hustle in the streets that's just who I be\nYo I live for the dough, for the flow, for feelin' free\nAin't too many other dudes you can choose to get this luxury\nBut without it all I'm still about the game\n\n[Bridge: Trey Songz]\nThe haters wanna hate, but it ain't no thing no\nBecause the ladies choose to love me (cause they love me for what I do)\n\n[Hook]\n\n[Alternate Hook: Trey Songz]\nIt ain't about the shoes that I've got\nAin't about my dough or my rocks\nAin't the life I live, it don't stop\nBaby it's about the game\n\n[Verse 2]\n\n[Bridge]\n\n[Hook]\n\n[Alternate Hook]", "image": "https://images.genius.com/c85f36c02060316fcec1ed423c60f0da.1000x1000x1.jpg"}], "artist": "Drake"}