{"songs": [{"title": "Practice", "album": "Take Care", "year": "2011-11-15", "lyrics": "[Intro]\nYeah, Cash money shit\nCash money shit\n\n[Verse 1]\nI can tell that money's got you working\nWe've been talking for so long\nNow we're finally here in person\nI taste pain and regret in your sweat\nYou've been waiting for me, oh-ho\nI can tell that you been practicing\nI can tell that you been practicing\nAll those other men were practice, they were practice\nYeah, for me, for me, for me, for me\n\n[Chorus]\nGirl you look good, won't you back that ass up\nYou a fine motherfucker, won't you back that ass up\nCall me big daddy, won't you back that ass up\nGirl who is you playing with, back that ass up\nYou working with some ass yeah, you bad yeah\nGirl you working with some ass yeah, you bad yeah\n\n[Verse 2]\nGirl you working with some ass yeah, you bad yeah\nMake a nigga spend his cash yeah, his last yeah\nHoes frown when you passed yeah, they mad yeah\nCouple thousand on your bag yeah, fuck yeah\nI'm a Big Tymer nigga yeah, money flipper yeah\nGet it understood yeah, it's all good yeah\nGirl I know it's real 'cause I've been around it\nYou only want what's real you just never found it\nDon't give them no more chances, ooh girl they had their turn\nEverything for a reason, there's things you had to learn from them\nBut when I get you to myself\nYou know what's going down, what's going down, oh\n\n[Chorus]\nGirl you look good, won't you back that ass up\nYou a fine motherfucker, won't you back that ass up\nCall me big daddy, won't you back that ass up\nGirl who is you playing with, back that ass up\nYou working with some ass yeah, you bad yeah\nGirl you working with some ass yeah, you bad yeah\n\n[Verse 3]\nYeah, I know he messed up\nBut a let a real nigga make it right\nLet a real nigga make it right, you deserve that much\nLet me put something in your life\nLet me put something in your life, put something in your life\nYou telling me it's only been a couple other people that you've been with\nI'ma trust you, I'ma give you the benefit of the doubt, and I'ma love you\nYou can even call me daddy, give you someone to look up to\n\n[Refrain]\nAll my girls from the 504 need to drop it right now\nNeed to drop it right now\nAll my girls from the 504 need to drop it right now\nNeed to drop it right now\nAll my girls from the 504 need to drop it right now\nNeed to drop it right now\nAll my girls from the 504 need to drop it right now\nNeed to drop it right now, oh\nAfter you back it up then stop\nAfter you back it up then stop\nBabygirl, after you back it up then stop\nAfter you back it up then stop\n\n[Outro]\nI can tell that money's got you working\nThat your body's so wet\nAnd we're finally here in person\nI taste pain and regret in your sweat\nYou've been waiting for me, oh-ho\nI can tell that you been practicing\nI can tell that you been practicing\nAll those other men were practice, they were practice\nYeah, for me, for me, for me, for me", "image": "https://images.genius.com/a50b0608affc94c4dae3d502a65ea390.1000x1000x1.jpg"}], "artist": "Drake"}