{"songs": [{"title": "Too Cold", "album": null, "year": null, "lyrics": "(Hook x3)\nAnything they do, we do it better\nTSP too cold, go grab a sweater x3\nGrab a swear go go go grab a sweater\nTSP too cold, go grab a sweater\n\n\n(Verse 1)\nWe supply the drugs, I'm a pharmacist\nI set fire to the booth, I'm an arsonist\nCatch me slipping on the street, you know I never slip\nI'm in the studio cooking up a hella shit\nWe made unexpected changes like the weather did\nWe were chilling now we're winning and we did it quick\nTSP's too cold and that's the truth and we only get hot when we flame up the booth\nStudio time I went and melted my tooth, I'm better than couple grown man and I'm a youte\nLittle boy better sit back, I'll push something in your six pac\nWhen I ride around with my clique ahk, A body fall if a push that\nI'll suck a man for his lunch pack, I tell him keep quite man don't chat\nDrama, niggas don't want drama fuckboys had it harder than Osama\nI put a blade to your head like a barber\n\n(Hook)\n\n(Verse 2)\nYour chick sucked my dick, but thats none of my business\nShe's a ho ho ho I ain't even talking about christmas\nTee killed the beat so Ima bury it somebody grab me a coffin\nYeah the mics in the booth and i'm burning it, the smokes got me coughing\nFake rappers don't hear that, fuck a don I done it bareback\nThese olders youts think they scare man, fuck boy dont vex me\nI'll fly kick you no Jet Lee, Tell your bitch to stop texting me\nNo bitch you can't flex with me, I said no bitch you can't flex with me\nPussy boy don't want drama, I'm moving crops like a farmer\nI'm setting pace in this rap ting my niggas 1hunna\nI still your flow and make it better, my mood changes like the weather\nAll your niggas are lightweight i'll make them fall like a feather\n\n(Verse 3)\nAll my set pace man stay OJ, see my shank make noise know I don't play\nAll the girls used to think I'm OK, got your girl on my dick she moany\nI'm stuck at my yard still active, with a pad and a pen finding tactics\nYou was dumb on the roads still lacking, While this chick on my dick she unattractive\nCan't do it like me, me and you don't compare\nBig ting on me, so you better not stare\nPeng ting on me, she got the long hair\nGo on her knees, and she answers my prayers\nThey say i'm aware, and broski showing big moves being done so prepare\n\n(Hook)", "image": "https://images.genius.com/22999a3378819809ee4848f7c60a744c.1000x1000x1.jpg"}], "artist": "Drake"}