{"songs": [{"title": "Please Forgive Me", "album": null, "year": "2016-09-26", "lyrics": "INT. APARTMENT - AFTERNOON\n\n[Music from \"Weston Road Flows\"]\n\nThe movie starts with Drake and his girl laying in bed, kissing each other.\n\nEXT. BUILDING - NIGHT\n\nThe image cuts to black and shows a drone view of the apartment building.\n\nINT. APARTMENT - NIGHT\n\nThe image cuts to the interior of the apartment again, with Popcaan giving a toast.\n\nPOPCAAN: Yea dun know, a de Unruly boss, dis man. No bomboclat, otha. [?] Six God, yuh can jus suck yuh mada. With no apology, if you nuh like we, we nuh like you neither youth. Your girl a say we cute, if you diss you will get execute\nThat's the [?], OVO Unruly. Cheers to the badman party we about to go!\n\nThe movie then cuts to a series of images while the movie's title (PLEASE FORGIVE ME) flashes in between\n\nCUTS TO: EXT. PARTY - NIGHT\n\nDrake and his girl are shown dancing in the middle of the party as people dance with boxes, brooms and other objects. The image cuts to Drake's girl walking into the party only to be stopped by a sinister man\n\nSINISTER MAN: I'd like to discuss something with you. One million dollar.\n\nTITLE SCREEN\n\nCUTS TO: INT. APARTMENT - NIGHT\n\nDrake and his girl are talking about the sinister man that approached her earlier at the party\n\nDRAKE: And I mean of course he's gonna come up to you, y'know, what's new? Every guy comes up to you. What'd he say?\n\nDRAKE'S GIRL: He say that if I want to sleep with his boss for one million dollar. And I was like \"you're crazy man.\"\n\nDRAKE: You should do it.\n\nDRAKE'S GIRL: What?\n\nDRAKE: You should do it, that's easy. One night, one million dollars. (Drake starts kissing his girl) Huh? That's an easy ting.\n\n[Music from \"One Dance\"]\n\nHahahahaha\n\n[Music from Curtis Mayfield \"Never Say You Can't Survive\"]\n\nHe be here for half an hour\nthere's half a million. You get the rest tomorrow morning\n\n[Music from \"Controlla (Leak)\"]\n\nJe vous garantis qu'il sera la meilleure nuit de sa vie\nQuel malheur est pas toi\n\nhahahahahahahahhahahah\n\nThink it's funny?\nYou think it's funny?\nOk...\nWatch it\nRun that\nYou're lucky, you're lucky\n\n(Popcaan from 10:52-11:20)\n\nGood luck\nGet him out of my city\nI think I admire your style\nA funny kind of man who uses girl to do his dirty work\nI'm going to enjoy this\n\n[Music from \"Hype\"]\n\nGo deal with this, kay?\nOkay\nBe back, okay?\nMhm\n\nYo!\n\n[Music from Fela Kuti's \"Colonial Mentality\"]\n\nSon, son, son, the [?] are here\n\nHahahaha. You made it!\n\nNice to meet you\n\nHahahaha. Hahahahaha\nThis bitch, you're done, bitch\n\nThose fucks\n\n[Music from \"Views\"]\n\nWhoa!\n\n[Music from \"9\"]\n\nFuck bro\nWhat happened?\nWhat the fuck\nBro, [?]\nFuck man\nOh fuck\nWould you shut up\n\nYo anyone\nWhat's that?\n(hol' up)\n\nhahahahahaha\n\n[Music from \"Summer's Over Interlude\"]", "image": "https://images.genius.com/333533b69d66fcb3c7af19e011f6b646.592x596x1.png"}], "artist": "Drake"}