{"songs": [{"title": "Smile", "album": null, "year": null, "lyrics": "[Hook: Voyce]\nI see you sitting at home\nNobody's calling you on the phone\nYour girls out making a night on the town while you're sitting there all alone\nI suggest you come with your crew\nY'all are looking for something to do\nCause I understand pain is love and that's exactly why I wrote this little something for you\nIt's for you, it's for you, it's for you, for you (Repeat x2)\n\n[Verse 1: Drake]\nLadies up north represent representing\nLadies down south represent representing\nWhen the mic is in my hand I'm never hesitant\nMy favorite jam back in the day was Eric B For President, it's evident\nShe spend her summers in Jamaica and I love that\nThey say that she should be a model she's above that\nShe had a rapper break her heart, had to open her\nSo she don't even mess with rap, only spoken word\nWell, I'm a poet so you know it's get her to going down\nAnd after all this is my city I could show you round\nI understand that the shit you facing is crazy\nLet me hear your views on the situations in Haiti\nOr sit back relax, vibe with ya man\nChill we could talk about Tribes in Sudan\nCause you gotta understand if I said it then I meant it\nI understand that you Afro I'm tryna get to your centric\nThat's why I got a bottle of Champagne and then I sent it\nOver where you sitting, noticed, pretend you didn't\nAlong with the bottle was a note attached\nHere's some tickets to my show you should go to that\nAnd it's a shame money's something that you barely need to knock her\nI'm tryna treat her right cause she barely treated proper\nBut you showed up regardless of late choices it's clear\nYou really came to kick it it with Drake, Voyce and Amir like\n\n[Hook]\n\n[Verse 2: Voyce]\nCause love (Love is in the air)\nYou know that love is in the air (You see that girl over there, I'm tryna make her smile you know what I mean, we gonna try and make a video later)\nI should feel it everywhere\nSo smile (She fly, I think I see her friend over there too, you know what I mean)\nSo smile for me one time and I guarantee we gon have a good time (Cause ever since rewind we get full of girls like this man, it's just not even a thing...so uh)\nCause love (Hey girl won't you come here, I got a suggestion you know what I mean)\nSo smile (Why don't you and your friends, Get with me and my friends, maybe we could be friends you know what I mean, we could do this every weekend...maybe love is in it's self know what I mean, uh)", "image": "https://images.genius.com/22999a3378819809ee4848f7c60a744c.1000x1000x1.jpg"}], "artist": "Drake"}