{"songs": [{"title": "Bibb City", "album": null, "year": null, "lyrics": "Verse 1: Drake\n\nI love these cold nights my breath light and I slide through to your crib\nGot my mom's car my phone off cause I don't want to leave here\nGirl the moon peakin' the sun leavin' let's watch it disappear\nGot the heat on the music low so you all up in my ear\nI keep yawnin' and yawnin' like I'm gettin' tired\nYou keep telling me that I need to head home but I don't gotta work so it's fine\nIt was just eight but now it's three what happened to the time\nIt don't even matter we having fun so really girl I don't mind\nGot my diamonds all on my neck and all this gal 'o mine on my face\nWith yo' soft lips and your long hair that go down to your waist\nIf we fuck now I might pull it I don't care if it's fake\nOh you got to work in the morning girl you might show up late\nIt's been one hell of a night with you I don't mind it at all\nHeard you break hard so I'm prepared to pick up the pieces that fall\n\n(STILL WORKING ON FINISHING THIS)", "image": "https://images.genius.com/22999a3378819809ee4848f7c60a744c.1000x1000x1.jpg"}], "artist": "Drake"}