{"songs": [{"title": "Man of the Year", "album": "Comeback Season", "year": "2007-09-01", "lyrics": "[Verse 1: Drake]\nDamn, I done walked in here\nLooking like the motherfucking man of the year\nThink I had the motherfucking plan of the year\nWhich was simply to make groupie fans of my peers\nAnd I get my girl whatever she desire\nAnd my niggas get whatever they require\nThese rappers old, I\u2019m the reason they expire\nPlus I got a city that I Carey like Mariah\nDamn, that punch line was predictable\nI still got you shitting bricks, homie quit the bull\nAnd we don\u2019t need new members, to me the clique is full\nAnd I be getting the same women that Tip can pull\nBelieve or not, I receive a lot\nSo I be wearing the same Gucci that Jeezy got\nAnd I be buying the Louis that Kanyeezy cop\nAnd I be ripping the same records that Weezy rock\nThis shit is easy pop\nThat\u2019s why I\u2019m ready man\nI\u2019d never copy Nor-bit like Eddie man\nDid you get it? Eddie Murphy was in Norbit\nOr was it way over your head, did you forfeit?\nYeah, I take a woman shopping in a store quick\nHer ass big, she just trying to make a four fit\nYeah, they need to issue out a recall\nI\u2019m going up and they heading into a freefall\nThe fundamentals are needed, you playing streetball\nAnd I was out at BET, but I didn\u2019t see ya\u2019ll\nThese Skee-Lo rappers wishing they could be tall\nLetting all their fake friends use them like a free stall\n\n[Hook: Lil' Wayne]\nDamn, I done walked in here\nLooking like the motherfucking man of the year\nMy shades so dark and my ice so bright\nMy buddy in my pants wanna fight your wife\nLike, round one, round two, round three\nI told you not to ever bring a bitch \u2019round me\nCause, ain\u2019t no nigga like a Young Money nigga\nNo, ain\u2019t no nigga like me\nYa dig\n\n[Verse 2: Drake]\nI said I know you see me chilling super low key\nIf I\u2019m with the right niggas, you can scoop an O.Z\nAll the hustlers and the bouncers and the groupies know me\nFresh denim, fresh shades in a coupe with no keys\nIt start up when I touch the door\nAnd I encourage ladies to touch the floor\nAs soon as we finish cutting, we can cut some more\nThen after you get high\nMake em, get em, girl you finna get low\nLights dimmed down\nGot a lota dough plus a hit sound\nWhat you mean you ain\u2019t heard? I come highly recommended\nEverybody my friend even if they been offended\nThey ain\u2019t really got a choice, it\u2019s an obvious decision\nYou tryna make a come up in my city, it\u2019s a given\nPlus a nigga famous, plus I got a vision\nNot to mention having bars like a motherfucking prison\nThey taking too long, their records on hold\nThey threatened by my presence cause I make them feel old\nGuaranteed if they drop, they bragging bout what they sold\nJust remember where I live at, fifty thousand's going gold\nHolla at me when you see me, make yourself known\nInstead of hatin\u2019 on my music in the comfort of your home\nNigga, be a man, you acting like a bitch\nI ain\u2019t acting like I\u2019m rude\nI\u2019m just acting like I\u2019m rich, rich\nRiding with Weezy fucking Baby\nAre you the type of girl that me and Weezy fucking, baby?\nCause I don\u2019t waste time, can\u2019t you see a nigga lazy\nAnd I might need some help\nBut, you know, Weezy\u2019s fucking crazy\n\n[Hook: Lil' Wayne]\nDamn, I done walked in here\nLooking like the motherfucking man of the year\nMy shades so dark and my ice so bright\nMy buddy in my pants wanna fight your wife\nLike, round one, round two, round three\nI told you not to ever bring a bitch \u2019round me\nCause, ain\u2019t no nigga like a Young Money nigga\nNo, ain\u2019t no nigga like me\nYa dig\n\n[Spoken: Lil' Wayne]\nY.M., bitch, everyday\nTwo times on Sunday\nSpitta!\nCheck your blinkers, baby\nCheck your blinkers, baby\nCause, to me, look like you\u2019ve been turning right all day, yeah\nRight my way, I got a boulevard, baby\nThat\u2019s right, Cash Avenue\nWall Street gangsta\nCarter, ya\u2019ll\nWhy would I lie, yeah\nI ain\u2019t rich, bitch, I\u2019m wealthy\nYoung, I talk shit til I die\nCome kill me, nigga\nFuck you, no homo\nShe like it, yeah\nBoy, these motherfucking glasses I got on right now\nAre so motherfucking cold\n\n[Hook: Lil' Wayne]\nDamn, I done walked in here\nLooking like the motherfucking man of the year\nMy shades so dark and my ice so bright\nMy buddy in my pants wanna fight your wife\nLike, round one, round two, round three\nI told you not to ever bring a bitch \u2019round me\nCause, ain\u2019t no nigga like a Young Money nigga\nNo, ain\u2019t no nigga like me\nYa dig", "image": "https://images.genius.com/866a4a7df935705e834f236499d617c6.1000x1000x1.jpg"}], "artist": "Drake"}