{"songs": [{"title": "Trophies", "album": "Young Money: Rise Of An Empire", "year": "2014-02-27", "lyrics": "[Verse 1]\nHad hit records on my demo\nDid y'all boys not get the memo?\nI do not stay at the Intercontinental\nAnd anything I got is not a rental\nI own that mu'fucka\nFigured out this shit is simple\nMy stock been going up like a crescendo\nA bunch of handshakes from the fakes\nBut nigga, I do not wanna be friends though\n\n[Pre-Chorus 1]\nI told y'all mu'fuckas\nMan, this shit is not a love song\nThis a \"fuck-a-stripper-on-the-mink-rug\" song\nThis a \"fuck-them-boys, forever-hold-a-grudge\" song\n\"Pop-some-fucking-champagne-in-the-tub\" song\nNigga, \"just-because\" song\nDamn\n\n[Chorus]\nWhat's the move? Can I tell the truth?\nIf I was doing this for you then I'd have nothing left to prove\nNah, this for me though\nI'm just tryna stay alive and take care of my people\nAnd they don't have no award for that\nTrophies, trophies\nAnd they don't have no award for that\nShit don't come with trophies, ain't no envelopes to open\nI just do it cause I'm 'sposed to, nigga\n\n[Verse 2]\nBitch I go to Dreams with a suitcase\nI got my whole country on a new wave\nShe like \"I heard all your niggas stay where you stay\"\nHouse so big I haven't seen them boys in two days\nBitch, I use a Walkie-Talkie just to get a beverage\nI saw my parents split up right after the wedding\nThat taught my ass to stay committed, fuck the credit\nBitch check the numbers, I'm the one who really get it\n\n[Pre-Chorus 2]\nI told y'all mu'fuckas\nMan, this shit is not a love song\nThis a \"doing-me-and-only-God-can-judge\" song\n\"I-do-not-know-what-the-fuck-you-thought-it-was\" song\n\"Pop-some-fucking-champagne-in-the-tub\" song\nNigga, \"just-because\" song\nDamn\n\n[Chorus]\nWhat's the move? Can I tell the truth?\nIf I was doing this for you then I'd have nothing left to prove\nNah, this for me though\nI'm just tryna stay alive and take care of my people\nAnd they don't have no award for that\nTrophies, trophies\nAnd they don't have no award for that\nShit don't come with trophies, ain't no envelopes to open\nI just do it cause I'm 'sposed to, nigga", "image": "https://images.rapgenius.com/8a876df45adf819e5eb47a59bf6f43f5.500x500x1.jpg"}], "artist": "Drake"}