{"songs": [{"title": "Easy", "album": null, "year": "2018-06-20", "lyrics": "[Intro: Drake]\nYeah-yeah, yeah-yeah-yeah\nYeah\n\n[Pre-Chorus: Drake]\nChampagne with breakfast while I'm yawning\nYou can't drink all day if you don't start in the morning\nLord forgive me, I can't take things slowly (Slow)\nI'm gone on them once I get going (Gone on them, oh, gone on them)\n\n[Chorus: Drake & Young Thug]\nShe tryna take it all off for me (Tryna take it all off)\nTryna stay real close to me (She tryna stay real close)\nI gotta catch myself (I gotta catch myself)\nI can't play myself, I need to take it\n\n[Refrain: Drake & Young Thug]\nEasy, easy, easy, easy\nEasy, easy, easy, easy\n\n[Verse 1: Drake & Young Thug]\nRailiza (Ow!), you need a... money and visa\nAnd you get what you want, always from me\nI can't say \"No\" when you say \"Please,\" I can't say \"No\"\nHowisha, you need a... (Ow!) baby with me, uh\nAnd I'm takin' my time, just wait, don't leave\nI can't say \"No\" when you say \"Please,\" I can't say \"No\" (Ow!)\nYou wanna drink like Bajan and dance like Trini, yeah\nYou want a supermodel pose like mi real friend Winnie (Like mi real friend)\nYeah, vacation is done, but I'm not finished, no\n\n[Pre-Chorus: Drake & Young Thug]\nChampagne with breakfast while I'm yawning (Pardon!)\nYou can't drink all day if you don't start in the morning\nLord forgive me, I can't take things slowly (Slow)\nI'm gone on them once I get going (Gone on them, gone on them, gone on them) (Ow!)\n\n[Chorus: Drake & Young Thug]\nShe tryna take it all off for me (Close) (Tryna take it all off)\nTryna stay real close to me (She tryna stay real close)\nI gotta catch myself (I gotta catch myself)\nI can't play myself, I need to take it\n\n[Refrain: Drake & Young Thug]\nEasy, easy, easy, easy\nEasy, easy, easy, easy\n\n[Verse 2: Young Thug]\nI bet I never disrespect you, darlin', uh\nI beg you pardon me, darlin'\nI see you roamin', ridin'\nWork outfit on, she ain't joggin'\nYeah, I see right through your body\nYou need a younger to give you guidance\nShe say I'm the youngest, but I treat her the nicest\n\n[Chorus: Young Thug]\nShe tryna take it all off for me\nShe tryna do it incog with me\nShe tryna stalk young darlin'\nI plan on fuckin' every girl in the world, but I'm takin' it\n\n[Refrain: Young Thug]\nEasy, easy, easy, easy\nEasy, easy, easy, mm-mmm\n\n[Verse 3: Young Thug]\nI raised change for you, I gave all my stain to you\nYou know I bang for you\nEven my main know I got a thing for you\nWalked in a aisle, anyday for you\nI'll go under maintainin' for you\nJump when you say, like a kangaroo\nCryin' over you, and it ain't nothin' new\n\n[Bridge: Young Thug]\nYou let me wear your watch, then I fucked your girl in it\nWe danced drunk, then we hurlin'\nShe presented a gift with a shit-face\nI'm tryna fuck every girl in the place, but I'm takin' it\n\n[Refrain: Young Thug]\nEasy, easy, breezy, easy\nEasy, breezy, easy, breezy", "image": "https://images.genius.com/22999a3378819809ee4848f7c60a744c.1000x1000x1.jpg"}], "artist": "Drake"}