{"songs": [{"title": "Make Me Proud", "album": "Take Care", "year": "2011-10-16", "lyrics": "[Verse 1: Drake]\nI like a woman with a future and a past\nA little attitude problem all good, it\u2019ll make the shit last\nDon\u2019t make it too easy, girl, don\u2019t take it too fast\nYeah, that's it right there\nThat's it, do it just like that\nOnly you can do it just like that\nAnd I love it when your hair still\nWet cause you just took a shower\nRunning on a treadmill and only eating salad\nSound so smart like you graduated college\nLike you went to Yale but you probably went to Howard\nKnowing you, weekend in Miami trying to study by the pool\nCouple things due but you always get it done\nMight've been a time when I loved her too\nBut you take that away and you\u2019ve always been the one\nOne, I wonder why the moon looks nice, girl\nMaybe it\u2019s just right for the night\nYou said niggas coming on too strong, girl\nThey want you in their life as a wife\nThat's why you want to have no sex, why you want to protest\nWhy you want to fight for your right\nCause you don\u2019t love them boys\nPussy run everything, fuck that noise\n\n[Chorus: Drake]\nI know things get hard, but girl, you got it\nGirl, you got it, there you go\nCan\u2019t you tell by how they looking at you everywhere you go?\nWondering what's on your mind, it must be hard to be that fine\nWhen all these muthafuckas wanna waste your time\nIt\u2019s just amazing, girl, and all I can say is\nI\u2019m so I'm so I'm so I'm so I'm so  proud of you\nI\u2019m so I'm so I'm so I'm so I'm so  proud of you\nI\u2019m so I'm so I'm so I'm so I'm so  proud of you\n\n[Post-Chorus: Drake]\nEverything\u2019s adding up, you\u2019ve been through hell and back\nThat's why you\u2019re bad as fuck and you\u2014\n\n[Verse 2: Nicki Minaj]\nB-b-b-bet I am\nAll of them bitches I\u2019m badder than\nMansions in Malibu, Babylon\nBut I never mention everything I dabble in\nAnd I always ride slow when I\u2019m straddling\nAnd my shit\u2019s so wet you gotta paddle in\nGotta r-r-row, gotta row ya boat\nIt\u2019s Pink Friday Records and OVO\nDone did the pop tour, I\u2019m the realest still\nThe best legal team so the deals is ill\nIt\u2019s MAC, OPI, and a fragrance, too\nApparel, I\u2019m dominating every avenue\nCobblestone, good view, little gravel too\nGotta pay for the entourage travel too\nCause I\u2019m fl-fl-fly I'm flying high\nAin't got time to talk, just hi and bye, bitch\nBut baby, if you ask me to take a break\nI\u2019ll give it all away, don\u2019t care what the people say\nI\u2019ll be a million, billion, trillion miles away aha\nHe asked my sign, I said a Sag\u2019\nI\u2019m a star: sheriff badge\nWhat's the point if I\u2019m guarding?\nDouble-D up, hoes: Dolly Parton\n\n[Chorus: Drake]\nI know things get hard, but girl, you got it\nGirl, you got it, there you go\nCan\u2019t you tell by how they looking at you everywhere you go?\nWondering what's on your mind, it must be hard to be that fine\nWhen all these muthafuckas wanna waste your time\nIt\u2019s just amazing, girl, all I can say is\nI\u2019m so I'm so I'm so I'm so I'm so  proud of you\nI\u2019m so I'm so I'm so I'm so I'm so  proud of you\nI\u2019m so I'm so I'm so I'm so I'm so  proud of you\n\n[Post-Chorus: Drake]\nEverything's adding up, you've been through hell and back\nThat's why you're bad as fuck and you know you are\n\n[Chorus: Drake]\nAnd I know all I can say is\nI\u2019m so I'm so I'm so I'm so I'm so  proud of you\nAnd I know all I can say is\nI\u2019m so I'm so I'm so I'm so I'm so  I'm so\nI\u2019m so I'm so I'm so I'm so I'm so  proud of you\nI\u2019m so I'm so I'm so I'm so I'm so  proud of you\nI\u2019m so I'm so I'm so I'm so I'm so  proud of you\n\n[Post-Chorus: Drake]\nEverything\u2019s adding up, you\u2019ve been through hell and back\nThat's why you're bad as fuck and you know you are", "image": "https://images.rapgenius.com/c3d377faf4506f906128c23d29be918b.1000x994x1.png"}], "artist": "Drake"}