{"songs": [{"title": "You Got Me", "album": null, "year": null, "lyrics": "[Verse 1: Promise]\nI Promise, I try College\nDid it but I quit it they couldn't define knowledge\nFor me, I got it, So I\u2019m honest\nHe living, Spitting Wisdom with some of the top artists\nWho are not flawless, but my part is\nYet they don't see what I'm doing is not (?)\nThey like, Promise, why bother\nWell living in the sewer, it\u2019s filled up with hot garbage\n\n[Hook: Promise]\nAs long as I got a pen and a microphone\nAnd sweet beats to recite my songs you know\nYou got me\nYou got me\nYou got me\nGive me a stage to recite my poems\nLights low when the mic is on\nYou got me\nYou got me\nYou got me\n\n[Verse 2: Drake]\nIf this don't sell, Imma make it sell\nAnd criticism's invited, I take it well\nMy savings account got a vacant smell\nAnd priorities shift when you take a L\nEvery time I feel like leaving\nSomebody'll play Comeback Season\nAnd that'll give me enough of a reason\nTo stand outside trying to jingle my keys and\nI guess I'm attached to her\nCan't fathom going back to a bachelor\nWhen you've been in a Range since you started high school\nIt\u2019s hard going back to the Acura\nYeah, yeah\nSo Imma stick around as the rain trickle down and the cars get sold\nThese rappers is all thickle but a ways it could sound\nFull of loud and go and put her face to the town\n\n[Hook: Promise & Drake]\nAs long as I got a pen and a microphone\nAnd sweet beats to recite my songs you know\nYou got me\nYou got me\nYou got me\nGive me a stage to recite my poems\nLights low when the mic is on\nYou got me\nYou got me\nYou got me\n\n[Verse 3: Sacario]\nYou got me\nAnd you got me\nAnd you got me\nWhen I said I\u2019m not a rapper it's not cause I am\nIt\u2019s cause my momma said I'm not like them\nI don't look like them\nI don't act like them\nOnly way you know I rap is if you see me rappin\u2019\nAnd I am the truth I can't lie\nHand on the bible in the booth with punch lines\nAnd New York City dumb high\nToo much champagne\nThrew it up like gang signs\nYou wanna know if you got me?\nThen watch me\nBut watch me through a train, I\nCause I am Sacario\nThe same guy\nWho flow like\nFlow like agua\nWe don't like no fake, nada\nRappin' ass actor,you need an Oscar\nAnd the world know who I are\nWhy you think Promise featured a pop star?\nSacario\n\n[Hook: Promise]\nAs long as I got a pen and a microphone\nAnd sweet beats to recite my songs you know\nYou got me\nYou got me\nYou got me\nGive me a stage to recite my poems\nLights low when the mic is on\nYou got me\nYou got me\nYou got me", "image": "https://images.genius.com/22999a3378819809ee4848f7c60a744c.1000x1000x1.jpg"}], "artist": "Drake"}