{"songs": [{"title": "Preach", "album": "If You\u2019re Reading This It\u2019s Too Late", "year": "2015-02-13", "lyrics": "[Intro: PARTYNEXTDOOR]\nYoung nigga preach\nPreach, preach, preach, preach, preach, preach\nYoung nigga preach\nPreach, preach, preach, preach, preach, preach\n\n[Verse 1: PARTYNEXTDOOR]\nI'm in Miami\nI need to call up Miss Cassidy\nMy name is Party, not participation\nSorry for the miscommunication\nI need a drink and some tequila with you\nYou know what I'm trying to do\nHey, let's pop the E off at Liv\nI've got some time here to blow\nI've got the money to blow\nI've got the money and blow\nDon't have to guess how I know\nOh, it's a secret, trust me, I'll keep it\nYou old niggas boring as bones\nYou put the PARTY tape on\nYou know what's going on, you know what's going on\nShe keep it wet like tsunami\nShe think she sunk the Titanic\nI get her hot like Wasabi\nShe think it's wavy and gnarly\nI think I'ma pop one for you\nDrink one for you\n\n[Chorus: PARTYNEXTDOOR]\nYoung nigga preach\nPreach, preach, preach, preach, preach, preach\nYoung nigga preach\nPreach, preach, preach, preach, preach, preach\nYoung nigga preach\nPreach, preach, preach, preach, preach, preach\nPreach, preach, preach, preach\nPreach, preach, preach, preach\n\n[Verse 2: Drake]\nStill in Miami, most of these girls are too messy\nI've got to do some reflecting\nI've got to find me one out here that's good at taking direction\nI am convinced that my calls are being recorded\nSo hit my assistant to get me the message\nAnd make the connection like brrrrr!\nI'm on that wave tonight, I hope you not the crazy type, yeah\nI'm in your state tonight, I might just break the bank tonight, yeah\nPND ain't with the ray tay, you know Jay Wray\nGot girls here going way way way way way way\nSauga city trip the pay day\nGlo'd up off a gate way, man, you can't afford me\nDoing is one thing, doing it right is a whole different story\nNiggas is all in their feelings these days\nAll in their feelings these days\nBut hearing a scripture with that many 6s, you should be afraid\n\n[Chorus: PARTYNEXTDOOR]\nYoung nigga preach\nPreach, preach, preach, preach, preach, preach\nYoung nigga preach\nPreach, preach, preach, preach, preach, preach\nYoung nigga preach\nPreach, preach, preach, preach, preach, preach\nPreach, preach, preach, preach\nPreach, preach, preach, preach\n\n[Outro: PARTYNEXTDOOR & Ciara]\nI'm preaching, oooh\nPreaching, preaching, babe\nPreaching, whooo\nI'ma finally, finally, yeah\nBoy you should know that\nYour love is always on my mind\nAnd I can't deny it\nI want you, I'm on you", "image": "https://images.genius.com/bcf01db777c6e5c46eddb1031a2008d1.1000x1000x1.jpg"}], "artist": "Drake"}