{"songs": [{"title": "Scriptures", "album": null, "year": "2009-11-12", "lyrics": "[Verse 1]\nLook, here we go\nThe first time around\nI left the cars at the house and I put the diamonds down\nThem things come and they go its about the rhyming now\nIm seeing it clearer the season is nearer\nAnd still I must change\nIm like a broken bill\nConservative for the most but I'm outspoken still\nThey not sure of the work but they all hoping he'll\nEmerge to victor my words are pictures\nAnd guess the colours so loud that you heard my scripture\nWith 4 walls give me the right brush and I draw all\nI promise I've been thinking before y'all\nI barely get tired I'm rarely inspired\nAnd you accomplish in a week what I'm daily required\nI meet quotas while you rappers having sleep-overs\nSpending nights in the studio trying to beat Hova\nBe in the throne instead of being your own\nBut Look\n\n[Verse 2]\nI'm making moves in my city so\nMy ex girls wanna be up in the video\nThey ex girls is steady tryin to get with me though\nImportant and vital I'm caught in a cycle\nThis is all I know\nAnd yes I know it well\nI try to explain it, my effort comes to no avail\nI'm from the place where they release records and no one sells\nAnd still they claim king nigga its the same thing\nAll day long\nBut thats a screw face\nRappers befriend you at first but really they two faced\nHoping they slip and trip over your own shoelace\nThats why I tuck em in not giving a fuck again\nD.R.A. you add a K.E\nA couple mill and you labels cannot play me\nI never go broke I'm far from a flash in the pan\nI am a passionate man, plan it with cash in my hand\nUh\n\n[Verse 3]\nI got few days left\nBut I'mma make use of every single one until every singles done\nUntil every record is sold, and every string is strung\nTell me take a breather Drake and everything will come\nDog its always been the same\nIts all love like no score in a tennis game\nFor the son of Dennis James\nOwner of the city downtown on a Friday\nStreets behind me like I took a picture in the driveway\nI roll down strips and hose down whips\nThat when turtle wax up they would close down Richmond\nWith no down shifting\nHaters would say I'm adequate\nThink I got the type of flow that would make an addict quit\n21 years I've been pimping since being\nRepurchased trap music 4 times since then\nSeamless transition I'm the new fresh prince\nGetting pennies for my thoughts\nSo I put my two cents in\nTop of the morning I am dropping the coin in\nPlus I'm changing the game\nYou hear me swapping the joint in\nThey put the fires out and bring the buyers out\nAnd try and box us all together before they buy us out\nIf they profit from the events we handing flyers out\nThen we profit from the attempts to hand desires out\nBut rich is how we all ending up\nI'm at the label in the elevator send them up", "image": "https://images.genius.com/22999a3378819809ee4848f7c60a744c.1000x1000x1.jpg"}], "artist": "Drake"}