{"songs": [{"title": "Elevate", "album": "Scorpion", "year": "2018-06-29", "lyrics": "[Chorus: Drake]\nAyy, elevate, elevate\nOnly obligation is to tell it straight\nSo much on my plate I gotta delegate\nBaka passed a drug test, we gotta celebrate\nI'm in bed awake, thinkin' how'd I make\nAll this happen for myself and my family\nAll this happen for myself and my family\nThere's no way that this is real, man, it can't be\n(Yeah, yeah)\n\n[Verse: Drake & French Montana]\nIf you need me, you can't call me, I stay busy makin' money\nYou know what is on my mind, all I think about is hunnids\nI stay busy (bzz!) workin' on me\nI stay busy with my business, homie\nI already hit her when you left her lonely\nShe is not the type that likes to take things slowly\nSlowly, my mouth is goin' off, I don't know patience\nI got a chance then my niggas got it too like it's contagious\nI see the future when I get wavy (Wavy God!)\nBut I couldn't picture bein' Champagne (haan) when I would buy that shit and save it for the right occasion\nI couldn't picture changes\nWhen I was with Ms. Creighton, that lady hates me\nCouldn't picture wifin' Braden when I was pumpin' gas on road trips to go from Cincinnati on to Dayton\nI couldn't gauge it\nI wanna thank God for workin' way harder than Satan\nHe's playin' favorites, it feels amazin' (yeah)\n\n[Chorus: Drake]\nElevate, elevate\nOnly obligation is to tell it straight\nMe and all the guys found a better way\nThis a life bid we can never separate\nI'm in bed awake, thinkin' how'd I make\nAll this happen for myself and my family\nAll this happen for myself and my family\nThere's no way that this is real, man, it can't be\n\n[Outro: Drake]\nYeah, I can only tell you shit in pieces\nAs it happens to me, I begin to write the thesis\nFranny got the Aria setup like it's a Freaknik\nVegas like Marineland, that big whale treatment\nGeorgie got me up a hunnid thousand for the weekend\nI gotta move the safe beside the bed when I be sleepin'\nMy mood is changin' this summer, I'ma be tweakin'", "image": "https://images.genius.com/2fee80dd9aec0717aef8e1eb7aaaae4c.809x809x1.jpg"}], "artist": "Drake"}