{"songs": [{"title": "Leaving", "album": null, "year": null, "lyrics": "You put your trust in everything but you can't trust me\nThere's certain things I'm doing but you never seem happy\nYou seem better off and I don't blame you\nEverybody's needing you and I can't tame you\nI wish I could take it back, wish you take you back\nBut it's fine man, you put us in your past, man\nI just hope you truly happy\nI just hope you'll be happy", "image": "https://images.genius.com/22999a3378819809ee4848f7c60a744c.1000x1000x1.jpg"}], "artist": "Drake"}