{"songs": [{"title": "Portland", "album": "More Life", "year": "2017-03-18", "lyrics": "[Intro: Drake & Baka Not Nice]\nMurda on the beat so it's not nice\nYeah\nIt\u2019s a Habibis ting, ya?\n\n[Verse 1: Drake]\nYeah, my side girl got a 5S with the screen cracked\nStill hit me back right away, better not never hesitate\nDon't come around thinkin' you gettin' saved\nTryna show the dogs brighter days\nGot a torch, tryna light the way\nBitin' everybody, which is ironic\n'Cause your next album probably won't ever see the light of day\nHad fans, but you let 'em down\nBut I guess that's how you niggas gettin' down\nI'm so high up I'm like, \"How is niggas really gettin' down?\"\nI could never have a kid, then be out here still kiddin' round\nBoys playin' around, where you really wanna take it now?\nI got a 150,000 dollars for an afterparty\nAnd I gave it to the killas just to break it down\nBring us up, I never take us down\nBut if you bring me up, then they might take you down\nFake fucked with me back then\nBut it's gettin' hard for you to fake it now\nFuck bein' rich when I'm forty, man, I'm tryna make it now\n\n[Chorus: Quavo]\nHell nah\nNever let these niggas ride your wave\nNope, no way, nah\nNever let these niggas ride your wave\nNope, no way, nah\nPark the Benz just to the ride the Wraith\nSkrrt skrrt\nTen million dollars, gotta hide the safe\n\n[Post-Chorus: Quavo]\nSkrrt skrrt, oh\nMichael Phelps with the swim moves\nSkrrt skrrt, oh\nMichael Jordan with the tennis shoes\n\n[Verse 2: Quavo]\nSkrrt skrrt\nQuavo, young nigga, I invented you (ugh)\nIke Turner with the left hand (Ike)\nGriselda Blanco with the trap moves (trappin')\nGangland with the right hand (gang)\nUndertaker with the tattoos (tats)\nNever listen to the class rules (no)\nSwitch it up, they bit the last move (let's go!)\nI'm a magnet for bad bitches (magnet)\nYou got the goin' out sad bitches (sad)\nI spent a fifty on the chain (racks)\nYou spent your last fifty (ugh, cash)\nI got the keys to the streets (keys)\nYou got the key to defeat (defeated)\nI got the keys to the warzone (brrrapt!)\nYou got the key to the peace (ugh)\n\n[Chorus: Quavo]\nHell nah\nNever let these niggas ride your wave\nNope, no way, nah\nNever let these niggas ride your wave\nNope, no way, nah\nPark the Benz just to ride the Wraith\nSkrrt skrrt\nTen million dollars, gotta hide the safe\n\n[Bridge: Travis Scott]\nWe gon' go live, we gon' go live, yep (yeah, yeah)\nWe gon' go live, we gon' go live, yep (yeah, yeah)\nGettin' loose (yeah) off the Henny, 'Roc and a hint of Goose (yeah)\nOcean deep in my swimmin' pool (yeah, in my pool)\n\n[Verse 3: Travis Scott]\nThrowin' Dead Prez in my livin' room (yeah, in my room)\nTakin' shots, feelin' bulletproof\nFlood my Rollie, told my bitch: \"Let's go snorkelin'!\" (yeah)\nOut in Portland, tryna get in her organs (yeah)\nNo, I did not sign with Jay\nBut I still send a Tidal wave\nYeah, I might just go get the fade\nBuy the du-rag and just tie the waves\nYeah, it's lit at the crib, you could stay\nMe and Drake kick like Kid N' Play (Kid N' Play)\nGod, the way that she servin' that cake\nI gotta sit back and digest (straight up!)\nI guess for the fuck shit, I'm biased (yeah!)\nI mix, double the cup when I stress\nGot my momma out the basement (momma)\nThat's a different type of face lift\nFree Max B up out the bracelets (yeah, yeah)\nDon't hit us askin' what the wave is\n\n[Chorus: Quavo]\nHell nah\nNever let these niggas ride your wave\nNope, no way, nah\nNever let these niggas ride your wave\nNope, no way, nah\nPark the Benz just to the ride the Wraith\nSkrrt skrrt\nTen million dollars, gotta hide the safe\n\n[Post-Chorus: Quavo]\nSkrrt skrrt, oh\nMichael Phelps with the swim moves\nSkrrt skrrt, oh\nMichael Jordan with the tennis shoes\nSkrrt skrrt, oh\nMichael Phelps with the swim moves\nSkrrt skrrt, oh\nMichael Jordan with the tennis shoes", "image": "https://images.genius.com/4672f8523e0fbf7f7848185256e946f4.1000x1000x1.jpg"}], "artist": "Drake"}