{"songs": [{"title": "Payback", "album": null, "year": null, "lyrics": "[Verse 1: Drake]\nUh, It's 10 O'Clock on a Wednesday and I know your home (Know your home)\nDriving up and down your street hoping you that come outside (Come outside)\nCause I just got paid and I'm winning bout to call you on it (Call you on it)\nAnd I just need you to see me, oh, oh (Oh, oh)\nCharlie says it seems that will make it all better (Better)\nSelfish says it is, this just ain\u2019t bout you, no (bout you, no)\nDid me wrong every time we were together, gether\nSo that\u2019s why, I\u2019m gonna stunt on you\nI\u2019m gonna stunt on you\nYou let me go, little did you know\nI could have made it all on my own", "image": "https://images.genius.com/22999a3378819809ee4848f7c60a744c.1000x1000x1.jpg"}], "artist": "Drake"}