{"songs": [{"title": "Show Me a Good Time", "album": "Thank Me Later", "year": "2010-06-15", "lyrics": "[Pre-Chorus]\nHow did I end up right here with you?\nAfter all the things that I've been through?\nIt's been one of those days you try and forget about\nTake a shot and let it out, let's get right\nNow that I'm here, baby\n\n[Chorus]\nShow me a good time (aw yeah, aw yeah)\nShow me a good time (aw yeah, aw yeah)\nShow me a good\u2014show me a good\nShow me a good time (aw yeah, aw yeah)\n\n[Verse 1]\nI live for the nights that I can't remember\nWith the people that I won't forget\nSpending all the money that I just worked my ass off for\nDoing things that I won't regret\nI've been waiting way too long, long, long, long\nTelling everybody that I know we about to be on, on, on, on\nI ain't trying to look like I lied to these niggas\nThat I came up with, that's my team\nNever would I let a woman come between\nWhat we doing right now, this our dream\nWu-Tang Clan, niggas want that cream\nI'm the Osiris to this shit right now\nGo-to guy for the hits right now\nWhatever you wanna drink girl, pick right now\nIf you can't hold your liquor, better quit right now\n\n[Pre-Chorus]\nHow did I end up right here with you?\nAfter all the things that I've been through?\nIt's been one of those days you try and forget about\nTake a shot and let it out, let's get right\nNow that I'm here, baby\n\n[Chorus]\nShow me a good time (aw yeah, aw yeah)\nShow me a good time (aw yeah, aw yeah)\nShow me a good\u2014show me a good\nShow me a good time (aw yeah, aw yeah)\n\n[Verse 2]\nHow about you and all your morals\nIn that outfit that you borrowed?\nMake the most out of tonight\nAnd worry bout it all tomorrow\nUnderstand girl, we fam girl\nCan't get me right and not do Wayne\nCash Money, Young Money, pop champagne\nPresidential suite, girl: Barack Hussein\nTell me can we kick it like Ali Shaheed and Phife Dawg?\nPeople really hate it when a backpack rapper\nGet rich and start living that life, dawg\nFeels like when you get into that paper, hip hop hates you\nThey would do it just like I do it if they could\nIt's in our nature\u2014young and rich and out of control\nOut in LA blowing clouds of the killa\nI came up in the underground though\nSo I'mma spend another $10,000 for Dilla\nCall me overrated or created or too jaded\nBecause anyway you put it, bitch, I made it\u2014Yup!\n\n[Pre-Chorus]\nHow did I end up right here with you?\nAfter all the things that I've been through?\nIt's been one of those days you try and forget about\nTake a shot and let it out, let's get right\nNow that I'm here, baby\n\n[Chorus]\nShow me a good time (aw yeah, aw yeah)\nShow me a good time (aw yeah, aw yeah)\nShow me a good\u2014show me a good\nShow me a good time (aw yeah, aw yeah)", "image": "https://images.genius.com/f0994c69f0994bc6b307070ecb02d6cd.1000x1000x1.jpg"}], "artist": "Drake"}