{"songs": [{"title": "Views [Trailer]", "album": "Views", "year": "2016-04-09", "lyrics": "The 6\n\nRaptors\n\nDiamond\n\nKey\n\nNew Ride\n\nOld ride\n\nBad times\n\nGood times\n\nYoung Money\n\nNew money\n\nOVO\n\n29\n\n29\n\n29\n\n\nBest I ever had\nWorst behavior\n\nOld crib\n\nNew crib\nOctober\nSound\nFestival\n\nAlbum time againOr acting time again\n\nMy friend\nMy friends\n\nYounger me\n\nOlder me\n\nMe as Manny\n\nMe as Jimmy\n\nMe as Drake", "image": "https://images.genius.com/6f4b9c41ccb18485cccd6aa364ccc3b8.1000x1000x1.jpg"}], "artist": "Drake"}