{"songs": [{"title": "Skepta Interlude", "album": "More Life", "year": "2017-03-18", "lyrics": "[Chorus: Skepta]\nIt's a madness\nCheck my account, it's a madness (mm)\nBlock that account, it's a catfish (yeah)\nBlock that account, it's a catfish (dubplate special)\nCheck my account, that's a madness\nCheck my account, that's a madness (OVO, BBK, greaze!)\nBlock that account, that's a catfish\nBlock that account, that's a catfish\n\n[Verse 1: Skepta]\nYou don't know me, you better get to know me\nStand up tall, right next to Kobe\nA young G, I had the weapon on me\nSlice up work like pepperoni (shing!)\nThe police still arrest the homies\nNo statement, no testimony\nSpit in your face with extra bogey\nIt's my time, I don't flex a Rollie\nOn cloud 9, a man's extra cozy (greaze!)\nI might switch it up and direct a movie\nPussyholes tried to execute me\nDied and came back as Fela Kuti\nDon't phone me, send a text to Julie\nOVO, man's so unruly\nSouth by, ride out, no Suzuki\nGot the Austin Powers, a man's extra groovy (greaze!)\nFront row, jacket tailor-made\nCrackhead swag with the razor blade\nRed umbrella when I make it rain\nMy whole team winnin', we don't play your game\nSound like me, but they ain't the same (greaze)\nSee them online tryna fake the fame\nThey wanna bust jokes, they think I'm Damon Wayans (yeah)\n\n[Chorus: Skepta]\nIt's a madness\nCheck my account, it's a madness (More Life)\nBlock that account, it's a catfish\nBlock that account, it's a catfish (OVO, BBK)\nCheck my account, that's a madness (dubplate)\nCheck my account, that's a madness (street team)\nBlock that account, it's a catfish\nBlock that account, it's a catfish\n\n[Verse 2: Skepta]\nYeah, they're nothin' like me, I'm a fuckin' villain\nGo against me, that's a tough decision (mmm)\nPolice wish I was stuck in prison\nFish-eye lens on my tunnel vision (straight)\nReal life greaze when I touch the riddim\nStill the same guy when I touched a million\nRecord labels wanted us to listen\nBut it's greatness only for the love of Britain\nI say it how it is and no fucks are given\nGreaze, so don't forget to remember me (yeah)\nEspecially all my enemies\nKeep your eyes on me with your jealousy\nThe most solid gang that you will ever see (get me)\nJust came back from the embassy\nCheck my crime sheet, check my legacy\nAnd now I'm back on tour, so what you tellin' me?\n(Greaze!) Taliban, Halloween (icy)\nPull up in the whip with the gasoline (greaze!)\nYeah, that's that boy from the magazine (jheeze!)\nBust my dance at the cash machine\nMake her back it up, bounce on my trampoline\nLike Martin Luther, man, I had a dream\nNow it's my world, you can have the scene\n\n[Chorus: Skepta]\nIt's a madness\nCheck my account, it's a madness\nBlock that account, it's a catfish\nBlock that account, it's a catfish\nCheck my account, that's a madness\nCheck my account, that's a madness\nBlock that account, it's a catfish\nBlock that account, it's a catfish", "image": "https://images.genius.com/4672f8523e0fbf7f7848185256e946f4.1000x1000x1.jpg"}], "artist": "Drake"}