{"songs": [{"title": "Let\u2019s Call It Off", "album": "So Far Gone", "year": "2009-02-13", "lyrics": "[Verse 1: Drake]\nUh, when did you get like this?\nLeast you coulda done is gone and give me a warning\nI don't regret like this\nSo I'll be right there when you wake up in the morning\nSaying, \"This just ain't my style\"\nYou can't say you're happy either\nYou don't even smile for me, no\n\n[Chorus: Peter Bjorn & John]\nDid you agree we should let it be?\nAnd did you agree it's a must?\nLet's call the whole thing off\nWe just have had enough of us\nLet's call the whole thing off\nWe just have had enough of us\n\n[Verse 2: Drake]\nWhen you decided to knock on my door\nDid you remember what happened before?\nThe look on your face said you were expecting more\nBut some things look better inside of the store\n\n[Chorus: Peter Bjorn & John]\nDid you agree we should let it be?\nAnd did you agree it's a must?\nLet's call the whole thing off\nWe just have had enough of us\nLet's call the whole thing off\nWe just have had enough of us\n\n[Verse 3: Drake]\nLook, leave me, leave me, I can't fucking stand you\nWish I had the courage to say everything I planned to\nMy girlfriend, my girlfriend, call herself my girlfriend\nTell me that we 'posed to be together 'til the world end\nBut I don't really feel that\nI just really wanna turn the wheels back\nGive you all your sweaters and your heels back\nConvince you that time will heal that\nUh, you look for reasons for us to argue\nI swear everytime I call, you just tell me how I don't call you\nWhy you do that? Do that, do that, yeah\n\n[Chorus: Peter Bjorn & John]\nDid you agree we should let it be?\nAnd did you agree it's a must?\nLet's call the whole thing off\nWe just have had enough of us\nLet's call the whole thing off\nWe just have had enough of us", "image": "https://images.genius.com/83ad0a4cdf492e299e507a370ad173a4.1000x1000x1.jpg"}], "artist": "Drake"}