{"songs": [{"title": "I\u2019m On My Way", "album": null, "year": null, "lyrics": "[Produced by Infamous]\n\n[Verse:]\nThe clock that you've been watching has been stoppin\nHe makes you wait, what kind of man does that to a girl he wants\nIf you just give tonight to me I promise my hands will say\n\n[Chorus:]\nThey'll say\nLess than a minute, take your clothes off\nWe about to start no false alarms\nEven though the traffic downtown don't show no mercy\nThink about the last time I came through\nI had something more than a gift for you\nAnd I don't only fuck you like that on your birthday\n\nBaby I just landed\nBout to get my bags and all I needs an address\nAnd I'm on my way\n\nDon't fall asleep\nYes I see you calling me\nPromise it's worth waiting for\nCuz I'm on my way (2x)", "image": "https://images.genius.com/22999a3378819809ee4848f7c60a744c.1000x1000x1.jpg"}], "artist": "Drake"}