{"songs": [{"title": "Pop Style (Single Version)", "album": null, "year": "2016-04-05", "lyrics": "[Intro: Drake]\nYeah, yeah\n\n[Chorus: Drake]\nDropped outta school, now we dumb rich (Dumb rich)\nThis sound like some forty-three-oh-one shit (One shit)\nAll my niggas wanna do is pop style (Pop style)\nTurn my birthday into a lifestyle (A lifestyle)\n\n[Verse 1: Drake]\nTell my mom I love her if I do not make it (Do not make it)\nGot so many chains they call me Chaining Tatum\n(They do, they do)\nAnd I like to finish what you think you started\nMan, you boys just got to Hollywood, you boys just started\nYou don't know what you just started\nAll I do is hang with the young and heartless\nAll this for my family, man, I try my hardest\nIt's all I ever did and look where it got him\nYeah, you've been on my mind lately\nYou've still got my number, girl, you need to call me\nI feel like they wanna see me learn the hard way\nBut you know I always handle that one my way\nGirl let me rock, rock, rock, rock, rock your body\nJustin Timberlake and then I hit the highway\nI can't trust no fuckin' body\nThey still out to get me 'cause they never got me\n\n[Bridge: JAY-Z]\nThey still out to get me, they don't get it\nI cannot be got, and that's a given\n\n[Verse 2: Kanye West]\nThey like, \"Pablo\u2014\"\n\"Why are all the windows tinted on your Tahoe?\"\n\"Why do you know every single bitch that I know?\"\n\"Why can't you just shut your mouth and take the high road?\"\nFuck if I know, that's that Chicago\nSouth, south side, that's the motto\nCop a crib and spend ten million on remodel\nTake the devils out my life and preach the gospel, 'cause I know\nWe went way, way past the line of scrimmage, ayy\nThrone is back up in it, ayy\nIn the field like Emmitt, ayy, y'all get so offended, ayy\nI be blacking out, I ain't backing out\nJay about his business, and I'ma let you finish, but I\nI just, I just, I just, I just wanna rock your body\nTake you to the garage and do some karate\nChop it, chop it, chop it, chop it sipping sake\nThrow a thick bitch on a Kawasaki (Perfect)\n\n[Chorus: Drake]\nDropped outta school, now we dumb rich (Dumb rich)\nThis sound like some forty-three-oh-one shit (One shit)\nAll my niggas wanna do is pop style (Pop style)\nTurn my birthday into a lifestyle (Lifestyle)", "image": "https://images.rapgenius.com/9fc1dedb2e839026ab12a086c780c779.1000x1000x1.jpg"}], "artist": "Drake"}