{"songs": [{"title": "Hype", "album": "Views", "year": "2016-04-29", "lyrics": "[Intro: Baka]\nMan don't live of a di hype huh?\nReal ting ay\n\n[Verse 1: Drake]\nYeah, I pull up in Lexus' like it's '07\nI just hit a lick, I got to hit a next one\nLast year I know you learned your lesson\nI could GPS you if you need addressin'\nBoss up, I'm the bigger homie\nBut I'm one year older than my lil homie\n'09 they was biddin' on me\nBut I'm Young Money, got it written on me\nOkay now we got some action\nEverything I said, it happened\nThat boy light as Michael Jackson\nBut on verses, he been blackin'\nChasin' women a distraction\nThey wan' be on TV right next to me\nYou cannot be here right next to me\nDon't you see Riri right next to me?\nI hate a rapper especially\nThey feel the same, but they hide it\nThey just discuss it in private\nDon't get along man, we tried it\nWhat's the point in even tryin'?\nI hate a goofy especially\nThey always dyin' to mention me\nThey gotta die out eventually\nI cannot give you the recipe\nYou know the game is sold separately\nSwear I just had an epiphany\nIt cost me 50 at Tiffany's\nShout out to Tiffany, Stephanie\nThey used to always come check for me\nMy enemies wanna be friends with my other enemies\nI don't let it get to me\n\n[Chorus: Drake]\nDone\nLook what I've done in my life\nI had to count it and count it again\nTo make sure the money was right\nThey love to talk\nMe, I'm just dunning the hype\nMe, I'm just dunning the hype\nMe I'm just done, done, done, done, done\n\n[Verse 2: Drake]\nI don't take this shit for granted\nI do my own propaganda\nI feel like Juelz Santana\nLeg hangin' out the Phantom\n6 cold like Alaska\nViews already a classic\nRoy outta here like NASA\nBustin' 1's out the plastic\nHer gram too poppin' to fuck her\nThe chain too heavy to tuck it, I'm serious\nI feed my family with this\nSo don't play with my money this summer, I'm serious\nI don't run out of material\nYou shouldn't speak on me, period\nYou try to give 'em your side of the story\nThey heard it, but they wasn't hearin' it\nThey feeling a way and won't hide it\nNiggas done being silent\nDon't get along man, we tried it\nWhat's the point of even tryin'?\nI hate a goofy especially\nThey always dyin' to mention me\nThey gotta go, they gotta go\nThey gonna die out eventually\nI cannot give 'em no empathy\nI'ma have B's when I'm 70\nThey cannot fuck with the legacy\nI don't know what else is left for me\nAfter this no one a threat to me\nMy enemies wanna be friends with my other enemies\nI don't let it get to me\n\n[Chorus: Drake]\nDone\nLook what I've done in my life\nI had to count it and count it again\nTo make sure the money was right\nThey love to talk\nMe, I'm just dunning the hype\nMe, I'm just dunning the hype\nMe I'm just done, done, done, done, done", "image": "https://images.genius.com/6f4b9c41ccb18485cccd6aa364ccc3b8.1000x1000x1.jpg"}], "artist": "Drake"}