{"songs": [{"title": "6 God", "album": "If You\u2019re Reading This It\u2019s Too Late", "year": "2014-10-25", "lyrics": "[Produced by Boi-1da and SykSense]\n\n[Intro]\nRrrr Ting (Brrt, brrt)\n\n[Verse]\nI'll admit it, I'll admit it (Ga, grrra-ga-ga-ga-ga)\nWatch your motherfuckin' tone, boy (Watch that)\nGet hurt, boy (Get hurt)\nAww, here go another muhfucker that don't understand\nThe concept of puttin' money first, boy (First)\nI'm 'bout to hit you with the work, boy (Work)\nI'm 'bout to hit you with the work, boy (Work)\nI hate comin' through stuntin' on niggas that I know\nAhh, that's the worst, boy (Worst)\nI'll admit it, I'll admit it (I'll admit it)\nYou haven't been the man for like a minute\nI told you that I'm in it for the long haul\nYou can really get the business (Get it)\nI'll admit it, I'll admit it (I'll admit it)\nRolling swishers, hittin' swishes\nGot me feelin' like a ball hog\nI don't pass 'em when I get it (Naw)\nI'll admit it, I'll admit it (Why?)\nYou too worried 'bout the bitches (What you worried 'bout?)\nI got one girl, and she my girl, and nobody else can hit it (Try a ting)\nShe'll admit it, she'll admit it (Try a ting)\nShe ain't fuckin' with you niggas\nAnd just like every single other thing in my life\nYou can have her when I'm finished (Why?)\nI hear the talk on road is I'm the shit, boy\nPhone call back home, shit is hot up in the 6, boy (Hot up in the 6)\nShit hot up in the 6 right now\nShit hot up in the 6, boy (Hot up in the 6)\nShit is hot up in the 6 right now (Ga, ga, ga)\nCome see us and get it fixed, boy (Hey)\nBlack Benz on the road, boy (On the road)\nAlready had a Rolls Royce (On the road)\nSold a couple Bentley last week\nThem were my old toys (Man, this shit is old)\nI give a fuck about old, boy (Man, that boy old)\nI give a fuck about his squad, boy (Man, that thing old)\nI give a fuck about your mob, boy (Oh)\nI'm the real 6 God, boy (Whoa)\nI'm about to say a true thing (Yeah)\nI'm about to say a true thing (Yeah)\nYou was poppin' back when Usher wore a U-chain\nGoddamn, you changed\nI put it on 'erything, it's a Rrr Ting\nIt's a OVO come through murk things\nI know you heard things\nBitch, I know you heard things\nYeah, I know you heard things, I know you\nI'm not new to this\nComing from the motherfucking 6 side\nI'm not new to this\nNiggas wouldn't make it on this side\nI'm not new to this, I'm not new, I'm not new\nYeah, I know you heard things\nNobody really likes us except for us\nYeah, all I ever needed was the squad so that's what's up\nYeah, my sound got the whole city in your way right now\nYeah, so I don't give a fuck about what anybody sayin' right now", "image": "https://images.rapgenius.com/b320542ee1788f0a26f4155de03a1111.1000x1000x1.png"}], "artist": "Drake"}