{"songs": [{"title": "Blem", "album": "More Life", "year": "2017-03-18", "lyrics": "[Intro]\nUnruly, unruly, maddas\nWho keeps bringing more? I\u2019ve had too many\nThis Virginia done me off already\nI\u2019m blem for real, I might just say how I feel\nI\u2019m blem for real, I might just say how I feel\n\n[Chorus]\nDon't switch on me, I got big plans\nWe need to forward to the islands\nAnd get you gold, no spray tans\nI need you to stop runnin' back to your ex, he's a wasteman\nI wanna know, how come we can never slash and stay friends?\nI'm blem for real, I might just say how I feel\nI'm blem for real, I might just say how I feel\n\n[Verse 1]\n'Cause I know what I like\nI know how I wanna live my life\nI don\u2019t need no advice\nYou\u2019re not here and we both know why\nSo, move from me when you're extra\nMove from me with the passa\nI\u2019m buildin' up a house where they raised me\nYou move with me, I\u2019ll go crazy\n\n[Chorus]\nDon\u2019t switch on me, I got big plans\nWe need to forward to the islands\nAnd get you gold, no spray tans\nI need you to stop runnin' back to your ex, he\u2019s a wasteman\nI wanna know, how come we can never slash and stay friends?\nI\u2019m blem for real, I might just say how I feel\nI\u2019m blem for real, I might just say how I feel\n\n[Verse 2]\nI know we can\u2019t keep it together forever\n'Cause you\u2019re crazy sometimes\nAnd I only see you sometimes\nMove from me when you're extra\nMove from me with the passa\nI\u2019m buildin' up a house where they raised me\nYou move with me, I'll go\u2014, look just\n\n[Chorus]\nDon\u2019t switch on me, I got big plans\nWe need to forward to the islands\nAnd get you gold, no spray tans\nI need you to stop runnin' back to your ex, he\u2019s a wasteman\nI wanna know, how come we can never slash and stay friends?\nI\u2019m blem for real, I might just say how I feel\nI\u2019m blem for real, I might just say how I feel\n\n[Outro: Lil Wayne & Lionel Richie]\nTogether forever\nGood morning, good afternoon, good night!\nI'm here to talk about More Life\nOne second", "image": "https://images.genius.com/4672f8523e0fbf7f7848185256e946f4.1000x1000x1.jpg"}], "artist": "Drake"}