{"songs": [{"title": "Where Were You (Original)", "album": null, "year": null, "lyrics": "[Verse 1: Drake]\nTook if from signing my own yearbook to booked for the year\nGot a condo and I couldn\u2019t even cook for you here\nTook it from bs checks to TSX\nTo people wondering if its the Phantom he gets next\nWho knows, its the rabbit its buzzing for real here\nThe rapper everybody got a cousin he\u2019s feeling\nIts kinda ironic you fit with them\nCause they wasn\u2019t really around when it wasn\u2019t appealing\nNow its denim diamonds an perfume spraying\nFour star rooms are the worst you stay in\n(I love the line about the range with the rims to match)\nWhat girl that wasn\u2019t me who\u2019s verse you saying\nShit I would never tell you nothing like that\nThem other niggas you spend on, cuff em like that\nSee the difference with me I don\u2019t forget the past\nAnd you gave me nothing so I\u2019m gonna give you nothing right back, like\u2026\n\n[Chorus: Drake & Colin Munroe]\nWhere were you when I...\nWould\u2019a loved the person you trying to be now\nIts funny I\u2019m the dude you trying to see now\nWhere were you when I\u2026\n..was past out, cash drought, assed out\nI know you here now but\nWhere were you when I was\u2026\n\n[Verse 2: Drake]\nYoung, dumb, looking in the mirror\nTrying to figure out who Im gonna be this year\nIts funny you managed to be around for the present\nAll puns intended your funds are mended\nIf I take back the cheddar it'll better for both us\nNo debts owed we can both let go\nBefore this I could never get a call from ya\nNow all texts finish XOXO\nBut this ain't hollywood squares to me\nSweetie I\u2019m far from a hollywood charity\nAnd I bet when you talking to your friends\nYou messing with other dudes that you probably compare to me\nBut if its not Drake and one of us wrong you forget my birthday and know none of my songs\nYou coulda told me before your heart wasn\u2019t in it, fine\nBut try to get a start at the finish line\nAh\n\n[Chorus: Drake & Colin Munroe]\nWhere were you when I...\nWould\u2019a loved the person you trying to be now\nIts funny I\u2019m the dude you trying to see now\nWhere were you when I\u2026\n..was past out, cash drought, assed out\nI know you here now but\nWhere were you when I was\u2026", "image": "https://images.genius.com/22999a3378819809ee4848f7c60a744c.1000x1000x1.jpg"}], "artist": "Drake"}