{"songs": [{"title": "Intro (Room For Improvement)", "album": "Room for Improvement", "year": "2006-02-14", "lyrics": "[Intro]\nYo, what's going on? This is Drake\nAnd I'ma let you know what you about to witness\nThis right here is a Drake and DJ Smallz collaboration\nSo I'm from Canada, my man's from down South\nYa understand, the number one DJ in the South to be exact\nYou heard that in the VMAs, you heard that wherever he goes\nMy man Smalls is out there, down south\nSame time, reppin' for Toronto, Canada\nYa know what I mean?\nSo this right here, listening to right now is the official Southern Smoke Special Edition\nI call it the \"Room For Improvement\" mixtape, cause I'm not perfect\nAnd I bet neither are you if you listening\nSo you need to just accept what's there, know what I mean?\nBut look, you need to just let this play out\nFrom track one, to track whatever, however-many-I-put-on-here\nYou need to just listen to this cause look man, this is the first time\nCanadian, down south, my man, Smallz, your boy, Drake\nYou know what it is man, so just tune in nigga", "image": "https://images.genius.com/c85f36c02060316fcec1ed423c60f0da.1000x1000x1.jpg"}], "artist": "Drake"}