{"songs": [{"title": "Unstoppable", "album": "So Far Gone", "year": "2009-02-13", "lyrics": "[Verse 1: Drake]\nMy name is Drizzy, and I ain't perfect\nBut I work hard, so I deserve it\nAnd I belong, right where you see me\nAin't on the fence about it, I ain't Mr. Feeny\nNah, I got a decent set of manners\nAnd a job that fills up any empty schedule or a planner\nAnd I fall in love with girls caught up in superficial glamour\nWho dress like Sarah Jessica and live like Princess Diana\nSo often they have addictions and I'm the one that'll feed it\nBut truly you're bad enough that y'all don't even really need it\nYou could show up at the party on dirty public transit\nAnd I guarantee the cameraman will still be snappin' candids\nOf you and your posse partyin', drinkin' what you get handed\nWith your Virgin Island tans, all lookin' like you just landed\nI don't really understand it, I'm not sure I'm comprehendin'\nBut these girls are having fun with whoever's money they spendin', screamin'\n\n[Chorus: Santigold]\nI got to be unstoppable\nI got to be unstoppable\nAy-ay-ay-ay, you don't lie\nAy-ay-ay-ay, you don't lie\nI got to be unstoppable\nI got to be unstoppable\nAy-ay-ay-ay, you don't lie\nAy-ay-ay-ay, you don't lie\n\n[Verse 2: Lil Wayne]\nAhem, my name is Weezy, I'm almost perfect\nAnd I work harder than hard workin'\nBizarre circus, that's when my bars surface\nTherefore I act a clown\nEven when I'm layin' on my back I'm never backin' down\nSo over-stand me\nI got a condo in Miami and my doormat is always sandy\nAnd I run Louisiana, but I've never pulled a hammy\nAnd I got a condo in Atlanta, and I always wear a bandana\nAnd when it comes down to stuntin', you boys are just buntin'\nAnd I'm swingin' for the fence, your girl hangin' from my dick\nYour girl singin' to my shit, like, \"a-la-la-lollipop\"\nShe say I get that pussy wetter than a Dasani shop\nAnd she say I freak that pussy better\nBetter than her gynecologist, ho just\nText me whenever you want some more dick\nMore dick, old bitch, young bitch\nBut I be like damn, all I got is one dick\n\n[Chorus: Santigold]\nI got to be unstoppable\nI got to be unstoppable\nAy-ay-ay-ay, you don't lie\nAy-ay-ay-ay, you don't lie\n\n[Bridge: Santigold]\nI got the talk, the beat and bass\nGive me one, I'll take it, make you lose your place\nTell me I-I-I can play so I speed up the pace\nI break it, break it you can't stop me in this ra-race\n\n[Chorus: Santigold]\nI got to be unstoppable\nI got to be unstoppable\nAy-ay-ay-ay, you don't lie\nAy-ay-ay-ay, you don't lie\nI got to be unstoppable\nI got to be unstoppable\nAy-ay-ay-ay, you don't lie\nAy-ay-ay-ay, you don't lie\n\n[Spoken Outro: Chris Paul]\nYo what up? It's Chris Paul, CP3, feel my man Drake, So Far Gone, Drake, I gotchu homie, I gotchu. Let's get 'em", "image": "https://images.genius.com/83ad0a4cdf492e299e507a370ad173a4.1000x1000x1.jpg"}], "artist": "Drake"}