{"songs": [{"title": "I Get Lonely Too", "album": null, "year": "2010-10-05", "lyrics": "[Verse 1]\nWaited on you for so long\nToo many days since January\nI'm still sitting here alone\nWe shoulda did this already\nSaid I gotta email today\nKinda thought that you forgot about me\nBut I wanna hit you back to say\nJust like you, I get lonely\n\n[Hook]\nBaby, I could really get to know you\nTake my time and show you\nDon't tell anybody what we do\nWhen I get lonely\nTake me to another place where I'll be\nFace to face, just you and me with no rules\nJust like you, I get lonely too\nJust like you, I get lonely too\nJust like you, I get lonely\n\n[Verse 2]\nReady for us to get it on\nAin't got a love to call steady\nHope it ain't like that for long\nI'll be your friend if you let me\nDon't wanna come on strong\n'Cause too many people wanna get me\nBut you know I do what I gotta do\nJust like you, I get lonely too\n\n[Hook]\nBaby, I could really get to know you\nTake my time and show you\nDon't tell anybody what we do\nWhen I get lonely\nTake me to another place where I'll be\nFace to face, just you and me with no rules\nJust like you, I get lonely too\nJust like you, I get lonely too\nJust like you, I get lonely\n\n[Hook]\nBaby, I could really get to know you\nTake my time and show you\nDon't tell anybody what we do\nWhen I get lonely\nTake me to another place where I'll be\nFace to face, just you and me with no rules\nJust like you, I get lonely too\nJust like you, I get lonely too\nJust like you, I get lonely\n\n[Outro]\nI get lonely\nI get lonely\nJust like you", "image": "https://images.genius.com/8635454d788af8e2b06083808d73cb0d.400x400x1.jpg"}], "artist": "Drake"}