{"songs": [{"title": "Talk Is Cheap", "album": null, "year": "2016-12-02", "lyrics": "[Intro: Drake & Static Major]\nYeah, yeah\nYeah, yeah, yeah, yeah\nYeah, hey there, help me\nI've been away too long and I know you'd agree\nI'm so tired, but I can't sleep\nMy door's open and that don't mean leave\nKnow what I mean?\n\n[Chorus: Aaliyah & Drake]\nDon't let me fool yah\nBoy, you don't know me (oh shit)\nSuppose I said I want you\nThis very moment\nCome here and let me school yah\nThis is how it's done\nBoy, you gotta push my buttons\nThe ones that turn me on, turn me on\nTurn me on, turn me on\nTurn me on, turn me on\nTurn me on, turn me on\n\n[Verse 1: Static Major]\nDon't rush, but don't wait\nDon't talk 'cause it's gettin' late\nSit right here, next to me\nWhat's up? Your talk is cheap\n\n[Chorus: Aaliyah]\nDon't let me fool yah\nBoy, you don't know me\nSuppose I said I want you\nThis very moment\nCome here and let me school yah\nThis is how it's done\nBoy, you gotta push my buttons\nThe ones that turn me on, turn me on\nTurn me on, turn me on\nTurn me on, turn me on\n\n[Verse 2: Drake]\nYou know I gotta ask\u2014\nWhat's up with the friends that you bring?\nKnow you got some other cool friends that you never bring\nNew stories for you every time the phone ring\nThey don't understand, girl if anything you're everything\nOh lord, good lord, smoke a little, then record\nYou know Papi on the vocals, 40 on the boards\nCall me when you feel inspired, never when you're bored\nAnd have a real conversation with your fuckin' boy\nWith the fuckin' man, Mr. Lover-Lover-Man\nHow come everything is always on the other hand?\nHow come you ain't never busy when I'm busy\nBut the moment that I'm free\nYou always end up with some other plans?\nHow you make a good dude wait so long?\nI don't understand why, that's some girl shit\nAnd what you doin' in the bedroom with your clothes on?\nI want you wearin' what you came into the world with\n\n[Chorus: Aaliyah & Static Major]\nThis is your chance to prove that you got the skill\nDon't let me fool yah\nBoy, you don't know me\nSuppose I said I want you\nThis very moment\nYou said you could give me the chills\nCome here and let me school yah\nThis is how it's done\nWell it's all up to you\nBoy you gotta push my buttons\nBut you don't know what to do\nThe ones that turn me on, turn me on\n\n[Outro: Aaliyah + Static Major]\nTurn me on, turn me on\nTurn me on, turn me on\nHey, woo!\nGirl this very, very moment, yeah\nYeah, yeah", "image": "https://images.genius.com/db53f5eb75e744682a781e4a9adaf3eb.638x638x1.jpg"}], "artist": "Drake"}