{"songs": [{"title": "The Real Her", "album": "Take Care", "year": "2011-11-15", "lyrics": "[Verse 1: Drake]\nPeople around you should really have nothing to say\nMe, I'm just proud of the fact that you've done it your way\nAnd the weekend's here, started it right\nEven if you only get part of it right\nLive for today, plan for tomorrow, party tonight, party tonight\nDying to meet your girlfriends that you said you might bring\nIf they're the ones that tell you that you do the right thing\n\n[Bridge: Drake]\nHouston girls, love the way it goes down\nAtlanta girls, love the way it goes down\nVegas girls, love the way it goes down\n\n[Hook: Drake]\nBut I gotta say, oh, baby, oh baby, why is this so familiar?\nJust met her, already feel like I know the real her\nYou musta done this before, this can't be your first time\nWe musta been here before, it's still fresh on my mind\nYou got that shit that somebody would look for but won't find\nYou musta done this before, this can't be your first time\n\n[Verse 2: Drake]\nThey keep telling me don't save you, if I ignore all that advice\nThen something isn't right, then who will I complain to?\nBut the weekend's here, started it right\nEven if I only get part of it right\nLive for today, plan for tomorrow, party tonight, party tonight\nYou got your guards up, I do too\nThere's things we might discover\nCause you got a past and I do too, we're perfect for each other\n\n[Bridge: Drake]\nHouston girls, love the way it goes down\nAtlanta girls, love the way it goes down\nVegas girls, love the way it goes down\n\n[Hook: Drake]\nBut I gotta say, oh, baby, oh baby, why is this so familiar?\nJust met her, already feel like I know the real her\nYou musta done this before, this can't be your first time\nWe musta been here before, it's still fresh on my mind\nYou got that shit that somebody would look for but won't find\nYou musta done this before, this can't be your first time\n\n[Verse 3: Lil Wayne]\nCause to her I'm just a rapper, and soon she'll have met another\nSo if tonight's an accident, tomorrow we'll recover\nAnd I know I'm not supposed to judge a book by it's cover\nI don't wanna be in the blind, but sometimes I Stevie Wonder\nAbout her, and she with it if I'm with it, and I'm with it\nI know what makes her smile, but I wan' know what makes her different\nOr should I just be realistic? Lipstick on the glass\nI know this ain't your first, but it's better than your last; Tunechi\n\n[Hook]\nYou musta done this before, this can't be your first time\nWe musta been here before, it's still fresh on my mind\nYou got that shit that somebody would look for but won't find\nYou musta done this before, this can't be your first time\n\n[Verse 4: Andre 3000]\nShower her with dollar tips\nShawty went and bought a whip\nGuarantee the city remember your whole name\nYou throw the ho a scholarship\nAll of them ain't all equipped\nAnd this saddens me, I see the pecking order\nQuote-unquote \"bad bitches\" work the whole floor\nThose that get laughed at sit off in the corner\nLike a lab rat nobody want her\nNiggas that are married don't wanna go home\nBut we look up to them, they wish they were us\nThey want some new trim, we lust for some trust\nNow the both of us are colorblind\nCause the other side looks greener\nWhich leaves your turf in the Boise state\nCan't see her play or the team, cuz\nEverybody has an addiction; mine happens to be you\nAnd those who say they don't\nSouls will later on say to them \"that ain't true\"\nAll of them will have an opinion\nBut y'all know what y'all can do with them\nBut if you unsure, I'll take you on tour\nTo a place you can stick that in\nWell, sitting here sad as hell\nListening to Adele, I feel you baby\nSomeone like you, more like someone unlike you\nOr something that's familiar maybe\nAnd I can tell that she wants a baby\nAnd I can yell, girl, that you're crazy\nOh what the hell? Nope, can't be lazy\nPlease be careful: bitches got the rabies", "image": "https://images.genius.com/a50b0608affc94c4dae3d502a65ea390.1000x1000x1.jpg"}], "artist": "Drake"}