{"songs": [{"title": "Know Yourself", "album": "If You\u2019re Reading This It\u2019s Too Late", "year": "2015-02-13", "lyrics": "[Part 1]\n\n[Intro]\nHol' it yute, hol' it, hol' it, hol' it, hol' it, hol' it\nNo sleepin' in the streets!\nShaky warrior\nYeah, this that Oliver, 40, Niko shit man\n15 Fort York shit, y'know?\nBoi-1da, what's poppin'?\nYeah, yeah\n\n[Verse 1]\nRunnin' through the 6 with my woes\nCountin' money, you know how it goes\nPray the real live forever, man\nPray the fakes get exposed\nI want that Ferrari, then I swerve\nI want that Bugatti, just to hurt\nI ain't rockin' my jewelry, that's on purpose\nNiggas want my spot and don't deserve it\nI don't like how serious they take themselves\nI've always been me, I guess I know myself\nShakiness, man, I don't have no time for that\nMy city too turned up, I'll take the fine for that\nThis been where you find me at\nThat's been where you find me at\nI know a nigga named Johnny Bling\nHe put me on to the finer things\nHad a job sellin' Girbaud jeans\nI had a yellow TechnoMarine\nThen Kanye dropped, it was polos and backpacks\nMan, that was when Ethan was pushin' a Subaru hatchback\nMan, I'm talkin' way before hashtags\nI was runnin' through the 6 with my woes\n(Yeah!)\n\n[Part 2]\n\n[Beat Switch]\n\n[Chorus]\nI was runnin' through the 6 with my woes\nYou know how that should go\nYou know how that should go\nYou know how that should go\nRunnin' through the 6 with my woes\nYou know how that should go\nYou know how that should go\nYou know how that should go\nDon't fuck with them niggas, they too irrational, woah\n\n[Verse 2]\nThis is that nasty flow\nTop boy in this shit, I'm so international\nReps up is in here\nGot P Reign and Chubby and TJ and Winnie and whoa\nYeah, and you know how that shit go\nI might declare it a holiday as soon as Baka get back on the road\nYeah, but you know how that shit go\nThey so irrational, they don't wanna patch it up\nThey wanna mash it up, woah\nMy nigga Jibba, he whip it, I ride in the passenger\nI'm way up, I stay up, I'm two up, I'm three up\nI had to get back to you, woah\nI'm turnin' into a nigga that thinks about money and women\nLike 24/7, that's where my life took me\nThat's just how shit happened to go\nAnd you know\nRunnin' through the 6 with my, with my\n\n[Chorus]\nI was running through the 6 with my woes\nAnd you know how that should go\nYou know how that should go\nYou know how that should go\nRunnin' through the 6 with my woes\nYou know how that should go\nYou know how that should go\nYou know how that should go\nRunnin' through the 6 with my woes\nYou know how that should go\n\n[Outro: Popcaan & Drake]\n...Shell out, all if yuh eye nuh big\nAlways haffi look out, yuh no know if yuh head book out\nDun know, a de Unruly boss, dis man\nNo bomboclat, otha\nAnd if a boy nuh like OVO or Chromatic\nYuh can jus suck yuh mada!!\nWith no apology, if you nuh like we, we nuh like you neither youth\nYour girl a say we cute, if you diss you will get execute\nThat's the truth, OVO Unruly\n(Machine gun shots)\nWith my woes", "image": "https://images.genius.com/32c2f93dcc198154a992dd60a1c588c7.1000x1000x1.jpg"}], "artist": "Drake"}