{"songs": [{"title": "Check it out", "album": null, "year": null, "lyrics": "Lyrics to check it out\n\nVerse one Drake\n\nIts been a long long day\nA long long day\nSay you gotta go\nI know you wanna stay\nCome on I know you wanna play\nWe can light it up\nSwitch it up\nOr burn it up\nWatcha say\nCome through we can open some bottles\nPlay spin the bottle\nWe can play a game\nYou name it\nIts on anyway\nDon't be shy\nI know that's not your style\nLets go that extra mile\nGirl check it out\n\nChorus Drake\n\nYou know it, oh you know it\nYou know, you know it\nYou gotta check it out\nCheck it out\nCkeck it out  chorus x2\n\nVerse 2 Drake\n\nIts been a long long day\nA long long day\nYou back in town\nDam you look better now\nLoosen my collar\nTop dollar\nGot the money, the cars, the clothes\nMissing the extra\nI regret that day\nWish I never stayed away\nI never guessed how much I would pay\nAnd yeah I payed\nLife goes on\nBut im holding on\nStuck in the past\nDunno whats going on\nI guess its my loss\nBut at the end Im the boss\n\nChorus drake\n\nYou know it, oh you know it\nYou know, oh you know it\nYou gotta check it out\nCheck it out\nCheck it out", "image": "https://images.genius.com/22999a3378819809ee4848f7c60a744c.1000x1000x1.jpg"}], "artist": "Drake"}