{"songs": [{"title": "Something", "album": "Born Successful", "year": null, "lyrics": "[Verse 1: Drake]\nFalling too fast\nClearly rules don't apply\nCan't believe that I just met you\nYou got me here\nWatching minutes past by\nWondering when to expect you\nThere you go\nIs this a dream?\nLooking like every picture\nThat I've seen of you before\nI've seen it all before\n\n[Hook]\nNow that it's over\nI should of known better\nThen you think this is real and\nYou could be mine\nI should have known better\nSlowed it down cause I feel\nYou needed time\n\n[Hook]\nBut I kept thinking\nThis could be something\nThis could be something\nThis could be something\nThis could be\nThis could be\nThis could be something\nThis could be something\nThis could be something\n\nMaybe it's just nothing at all\nBut this could be something\nThis could be something\nThis could be\nThis could be\nThis could be something\nThis could be something\nThis could be something\n\nMaybe it's just nothing at all\nAt all... at all\nMaybe it's just nothing at all\nAt all... at all\n\nI guess it's what we make it\n\nI guess it's what we make it\n\nI guess it's what we", "image": "https://images.genius.com/09c843b49a2466e1a43f2a46ad8bcf1c.500x500x1.jpg"}], "artist": "Drake"}