{"songs": [{"title": "Not Nice", "album": null, "year": "2018-04-29", "lyrics": "[Intro: Drake]\nOh-oh-oh-oh\nOh-oh-oh-oh\n\n[Verse 1: Drake]\nYou've got some vacation time\nYou and your girlfriend too badmind\nBad, bad, bad, when you're both combined\nI don't get how you look so nice\n\n[Chorus: Drake]\nGirl, you're not nice, you're rude\nWant me to feel like I'm new\nWant me to watch you do you\nDon't, girl, you look so nice\nBut you're not nice, you're rude (so rude)\nLook what you're putting me through\nI'd never do this to you\n\n[Refrain: Drake]\nI need to hold the corner and then slow whine it\nOne time, yeah\nI need to hold the corner (corner) and then slow whine it\nOne time, yeah\n\n[Sample: Vybz Kartel]\nYou a real bad gyal weh nuh tek back chat\nAnd anything yuh say yuh can defend that\nYou a real bad gyal weh nuh tek back chat\nAnd anything yuh say yuh can defend that too\n\n[Verse 2: Drake]\nRight now we're just taking time\nOther things are on your mind\nAnd you want bad, bad, bad when I treat you right\nI don't care how you look so nice\n\n[Chorus: Drake]\nGirl, you're not nice, you're rude\nWant me to feel like I'm new\nWant me to watch you do you\nDon't, girl, you look so nice\nBut you're not nice, you're rude (so rude)\nLook what you're putting me through\nI'd never do this to you\n\n[Refrain: Drake]\nI need to hold the corner and then slow whine it\nOne time, yeah\nI need to hold the corner and then slow whine it\nOne time, yeah\n\n[Sample: Vybz Kartel]\nYou a real bad gyal weh nuh tek back chat\nAnd anything yuh say yuh can defend that\nYou a real bad gyal weh nuh tek back chat\nAnd anything yuh say yuh can defend that too\n\n[Bridge: Drake]\nI need to hold the corner\nI need to, I need to, I need to, I need to\n\n[Refrain: Drake]\nI need to hold the corner and then slow whine it\nOne time, yeah\nI need to hold the corner (corner) and then slow whine it\nOne time, yeah\n\n[Chorus: Drake]\n'Cause, girl, you're not nice, you're rude\nWant me to feel like I'm new\nWant me to watch you do you\nDon't, girl, you look so nice\nBut you're not nice, you're rude (so rude)\nLook what you're putting me through\nI'd never do this to you", "image": "https://images.genius.com/22999a3378819809ee4848f7c60a744c.1000x1000x1.jpg"}], "artist": "Drake"}