{"songs": [{"title": "One Dance", "album": "Views", "year": "2016-04-05", "lyrics": "[Intro: Kyla]\nBaby, I like your style\n\n[Verse 1: Drake]\nGrips on your waist, front way, back way\nYou know that I don't play\nStreets not safe but I never run away\nEven when I'm away\nOti, oti\nThere's never much love when we go OT\nI pray to make it back in one piece\nI pray, I pray\n\n[Chorus: Drake]\nThat's why I need a one dance\nGot a Hennessy in my hand\nOne more time 'fore I go\nHigher powers taking a hold on me\nI need a one dance\nGot a Hennessy in my hand\nOne more time 'fore I go\nHigher powers taking a hold on me\n\n[Refrain: Kyla]\nBaby, I like your style\n\n[Verse 2: Drake]\nStrength and guidance\nAll that I'm wishing for my friends\nNobody makes it from my ends\nI had to bust up the silence\nYou know you gotta stick by me\nSoon as you see the text, reply me\nI don't wanna spend time fighting\nWe've got no time\n\n[Chorus: Drake]\nAnd that's why I need a one dance\nGot a Hennessy in my hand\nOne more time 'fore I go\nHigher powers taking a hold on me\nI need a one dance\nGot a Hennessy in my hand\nOne more time 'fore I go\nHigher powers taking a hold on me\n\n[Bridge: Wizkid]\nGot a pretty girl and she love me long time\nWine it, wine it, very long time\nOh yeah, very long time\nBack up, back up, back up and wine it\nBack up, back up and wine it, girl\nBack up, back up, back up and wine it\nOh yeah, very long time\nBack, up, back up and wine it, girl\n\n[Refrain: Kyla + Wizkid]\nTell me\nI need to know, where do you wanna go?\nCause if you're down, I'll take it slow\nMake you lose control\nWhere, where, where\nWhere, where, where, where\nOh yeah, very long time\nWhere, where, where\nBack, up, back up and wine it, girl\nWhere, where, where, where\nCause if you're down\nBack up, back up and\nCause if you're down\nBack up, back up and\nCause if you're down\nBack up, back up and\n\n[Chorus: Drake]\nI need a one dance\nGot a Hennessy in my hand\nOne more time 'fore I go\nHigher powers taking a hold on me\nI need a one dance\nGot a Hennessy in my hand\nOne more time 'fore I go\nHigher powers taking a hold on me", "image": "https://images.rapgenius.com/103e5aed5053b63991934deae026b9d3.600x600x1.jpg"}], "artist": "Drake"}