{"songs": [{"title": "Money in the Grave", "album": "The Best In The World Pack", "year": "2019-06-15", "lyrics": "[Intro: Drake]\nYeah, okay\nLil CC on the beat, mmm\nYeah, yeah\n\n[Verse 1: Drake]\nI mean, where the fuck should I really even start?\nI got hoes that I'm keepin' in the dark\nI got my niggas 'cross the street livin' large\nThinkin' back to the fact that they dead\nThought my raps wasn't facts 'til they sat with the bars\nI got two phones, one need a charge\nYeah, they twins, I could tell they ass apart\nI got big packs comin' on the way\nI got big stacks comin' out the safe\nI got Lil Max with me, he the wave\nIt's a big gap between us in the game\nIn the next life, I'm tryna stay paid\nWhen I die, put my money in the grave\n\n[Chorus: Drake]\nWhen I die, put my money in the grave\nI really gotta put a couple niggas in they place\nReally just lapped every nigga in the race\nI really might tat \"Realest Nigga\" on my face\nLil CC let it slap with the bass\nI used to save hoes with a mask and a cape\nNow I'm like, \"Nah, love, I'm good, go away\"\nAin't about to die with no money, I done gave it\n\n[Verse 2: Drake]\nI was on top when that shit meant a lot\nStill on top like I'm scared of the drop\nStill on top and these niggas wanna swap\nNiggas wanna swap like it's Slauson or Watts\nI don't wanna change 'cause I'm good where I'm at\nMob ties, so I'm always good where I'm at\nWord to Junior, Jazzy, Baby J\nTell 'em when I die, put my money in the grave\n\n[Verse 3: Rick Ross]\nCouple figures, killers call and collect (Collect)\nShe fuck a nigga, then she on to the next (Next)\nReally livin' large, she in awe with a mack\nWhen you niggas thinkin' small in the mall with a rat (Rat)\nRoll with us if you really wanna get it (Get it)\nGo get a half a million in the Sprinter (Sprinter)\nPhone ringin', bitches know a big tipper (Tipper)\nI got the hookup and there's really no limit (Limit)\nDead broke is in you nigga DNA (DNA)\nRickey Smiley's in Decatur with the y\u00e9\nLil' nigga, just another state case\nBury my motherfuckin' Chase Bank, time to bounce (Bounce)\nGotta count on my allowance (Gotta count on my allowance)\nYou niggas snitches so I gotta reroute it (So I gotta reroute it)\nA nigga drippin' like I got a zillion dollars\nGot the trap jumpin' like Zion when I rebound it\nThen I'm out (Then I'm out)\nAnd I'll never talk about it (About it)\nThe homies quiet, but we all smoke the loudest (Loudest)\nRich niggas and I'm really bein' modest\n'Cause the way I do my deals, never treated like a artist\nWant the house (House)\nYou could DM my accountant\nMy per diem six figures and I'm countin'\nNine figures was the goal 'til I hit it\nThese niggas ain't livin', so bury mine with me\nRoss got it (Maybach Music)\n\n[Chorus: Drake]\nWhen I die, put my money in the grave\nI really gotta put a couple niggas in they place\nReally just lapped every nigga in the race\nI really might tat \"Realest Nigga\" on my face\nLil CC let it slap with the bass\nI used to save hoes with a mask and a cape\nNow I'm like, \"Nah, love, I'm good, go away\"\nAin't about to die with no money, I done gave it", "image": "https://images.genius.com/a5d3df427e3ff8ebeff7c38a7e3bb329.543x543x1.png"}], "artist": "Drake"}