{"songs": [{"title": "6 Man", "album": "If You\u2019re Reading This It\u2019s Too Late", "year": "2015-02-13", "lyrics": "[Verse 1]\nBoomin out in South Gwinnett like Lou Will\n6 man like Lou Will, 2 girls and they get along like I'm... (Louuuu)\nLike I'm Lou Will, I just got the new deal\nI am in the Matrix and I just took the blue pill\nNo ho shit, no fuckin' ho shit, save that for your shit\nI don't need no fuckin' body, I run my own shit\nI told yah, thought I told yah, you didn't listen\nFieri, I'm in the kitchen, I'm a magician\nI'm on it, I'm like MacGyver, I'm Michael Myers\nI kill careers and cut the lights off, this shit is frightenin'\nI knew it would end up like this, I'm fuckin' psychic\nYoung, but I'm makin' millions to work the night shift\n\n[Hook]\nWork the night shift\nYoung, but I'm makin' millions to work the night shift\n(Work, work the night shift)\n\n[Verse 2]\nYoung but I'm gettin' every single motherfuckin' thing I'm owed\nYou gotta know\nI'm here to fuck with nigga's souls, my heart is cold\nIt's prolly cause I'm from the snow, with all my woes\nI know they wanna see me go, I'm on a roll\nI mean I'm back on this again, I'm here again\nYou know the truth, let's not pretend, I'm not your friend\nNot your guy, I'm not your buddy, show no lovin'\nI might go DeMarcus Cousins out in public\nMan, I'm back on this again, I'm here again\nI didn't do this fuckin' tape for CNN\nI am not tryna win awards, that shit looked forced\nIt's nothin' like this\nYoung, but I'm makin' millions to work the night shift\n(Louuuu)\n\n[Hook]\nWork the night shift\nYoung, but I'm makin' millions to work the night shift\n(Work, work the night shift)\n\n[Outro]\nIf you were worried about where\nI've been or who I saw or\nWhat club I went to with the homies\nBaby don't worry, you know that you got me\nI'm never worried about where\nI'm at or who I saw or\nWhat club I go to with the homies\nBaby don't worry, I know that they got me", "image": "https://images.genius.com/bcf01db777c6e5c46eddb1031a2008d1.1000x1000x1.jpg"}], "artist": "Drake"}