{"songs": [{"title": "Greatness", "album": null, "year": "2010-06-21", "lyrics": "Uh, I am a distraction\nComin from my spot and I dont signal as I back in\nIf cash is beautiful, then money is attraction\nThen I should be a motherfuckin\u2019 centerfold of Maxim\nOpen to my page and admire my desire\nFrequent flyer, I aspire to retire\nMy voice stands alone even if I\u2019m with the choir\nGot a cannon on my hip, but nigga, this is not Mariah\nNa, this the record killer for hire\nI sleep and eat with the weapon, the beat is all I require\nLook I created, despite the niggas that hated\nEvery single bar gettin' first forty-eighted\nIn the state of euphoria feelin' so sedated\nThe me and bitch the same, we feel so related\nForest Hill estated, all dinners catered\nI put a thousand on it, I could probably fuck the waitress\nSo, wait, just take this\nOone lie at a time, make sure it makes sense\nWhite cup, orange pop, Tennessee state shit\nDrop a four in it and then appreciate The Greatness, nigga\n\n[Verse 2]\nI wrote this verse sittin' in my new car\nSometimes where you headed is too far\nIt\u2019s more about where you are\nAnd I am, everywhere where that you wish you could be\nSomebody, somewhere just really understood me\nYeah, I dream big, no false hope\nMy other niggas move keys, no off notes\nBut understand rich is how we're all ending up\nI\u2019m at the label in the elevator, send 'em up!", "image": "https://images.genius.com/22999a3378819809ee4848f7c60a744c.1000x1000x1.jpg"}], "artist": "Drake"}