{"songs": [{"title": "Still Drake", "album": null, "year": null, "lyrics": "[Verse 1:Trey songz]\n\nStill...\n\nWhipping the chevy, still getting my tipped licked\nWhen I'm ready I still fall off intheparty like confetti\nIt's still mad rappers, D. Dot Angelettis\nStill just as skinny as you met me\nStill keep it real, never will let another disrespect me\nFor real, til deep in peace they rest me\nStill smoke cess cause I swear that they stress me\nAnd when I'm home a lot, keep the chrome a lot\nCause even when I'm home I'm knowin' there ain't a lot of dudes\nThat don't like the fact I'm blowin'\nLike some running shoes on the track I'm goin'\nTell these other dudes they slack I'm sewin'\nDon't get hemmed up, I think Timmed up\nCause in my mind it's the winter time all the time\nI'm a grind\nTell em I'm a rhyme, told em that this sing got me signed\nTry to put me in a box I will not stay there\nAnd if I fall I will not lay there\nGrown man, this is not daycare\nA big boy game, they do not play fair\nBut I still keep it trill and I got this chair\nStill uncomfortable if cops is there\nMy fam still dysfunctional, we not repaired\nStill got rhymes out the asshole\nStill wonder why are they mad for\nCause I'm in the hood like the crack-ho diesel\nAsk yo people, Trey still do it for the people\nRide with some inter straps your whole fucking car is illegal\nStill pick good over evil\nStill play the Jesus and it's wild cause I'm still sinning\nAddiction still weed-puffin, giving it to women\nIt's still my brain ready to bust up out my skull\nTo the mic, cause my mouth to be saying shit right\nThey saying shit like, I don't be killing it\nYou niggas is ridiculous, eat a dick or some syphilis\nDie slow, still I done sucked it up\nDrake tell em what the fuck is up\n\n[Verse 2: Drake]\nI used to cut the porch lights on\nAnd now I cut the Porsche lights on\nJust to let em know their foresight's wrong\nWhere this nigga going with that obscure ice on\nHe a lame, I'm tryna get my mature life on\nI asked what happen, or whats hattenin', hattenin'\nHop up out the passenger and help me back the phantom in\nDamn, I never got to use that in a convo\nNever got the chance to put you back in a condo\nAnd, and, it couldn't be more true\nI always meant to get you that villa in Corfu\nWomen I pass off, and money I tore through\nNow all I really need is the number before 2\nIs it over, tell me it isn't over\nThey told me it was easy as I get a little older, yeah right\nAnd this is what my life outro sound like\nEven though Dre did it this shit don't sound right\nI was, born to do it, born to make bomb music\nI flow tight like I was born Jewish\nWell, actually I was born Jewish\nI guess at this point you could say I was born foolish (ha)\nYea, what about the grammy's and the bubbly\nWhat about all my fans that be loving me, I\nUsed to chill in them spots where the trouble be\nBut never ended up in that menage at the Double Tree\nWhat about that girl Rita down in Basque\nIn L.A Swear I would of never cheated on your ass\nBut you ain't give me yo number cause them niggas got to fighting\nSituation got me thinking and that's when I got to writing, hmm...\nChange these hundreds for me cashier\nCause I ain't made it but I'm better off than last year, yeah\nAnd what it look like hun'\nI never got to make it rain but it look like fun\nAnd, uh, a king is what I'm fit to be\nI don't get these niggas, they a mystery\nI mean they talk so quiet as if it its private\nAnd they don't ever bring that shit to me, but\nMan I ain't live life so wrong\nI said fuck a couple dudes, cause I ain't like yo song\nLeast let me tell you why I'm this way\nHold on...", "image": "https://images.genius.com/22999a3378819809ee4848f7c60a744c.1000x1000x1.jpg"}], "artist": "Drake"}