{"songs": [{"title": "Ratatouille", "album": null, "year": null, "lyrics": "[Verse 1: Drake]\nHold the USP I do 'em Louis like I'm Dolph\nThey say holy when they see the chain, it's not a cross\nPut the owl on it, you can never take it off\n\n[Verse 2: Quavo]\nWhen they see the chain, yeah, they know it's Ratatouille\n6am in South Africa, I make a movie\nWhite McLaren let the wings up and show the Uzi\nDrizzy got Baka off with a not guilty", "image": "https://images.genius.com/22999a3378819809ee4848f7c60a744c.1000x1000x1.jpg"}], "artist": "Drake"}