{"songs": [{"title": "New Shit", "album": "Comeback Season", "year": null, "lyrics": "[Verse 1: Drake]\nCheck (Nottz, Nottz, Nottz)\nThey ask me about this rapper chick I might know\nI say I never hit it but we sure to try it right though\nMy verses smother beats and they are in need of some lipo\nAs for rappers, she is not my type, she's like a typo\nFlow is universal, take a blood test, I'm type-O\nNottz do me a favor, turn the volume up, it's quite low\nI write so, I might blow, my chain emits a white glow\nSee life is a scrimmage I am runnin' the ISO\nWhat is about to unfold, no tellin' like a dice throw\nMeet a lot of chicks so your girl is someone I might know\nIt's only if she's nice though, I ain't about the wife though\nAnd let no, Uncle Ben's rice throw, that is just how my life go\nAnd move faster than the leopard sprint\nAround the world, got a lot of spots like leopard print\nI used to think you play too much\nBut I'd rather go deaf than lose touch\nHolla at me baby\n\n[Hook]\nLook, been a minute, I know my number outta service\nCause sometimes I don't really wanna be reached\nDamn how things change in a year\nTell me how everything goin'\nAnd I know someone told me you wanted to teach\nLet me give you my (new shit)\nLet me give you my (new shit) (x6)\nThen call me anytime, I'll bet you I'll be around\n\n[Verse 2: Von Pea]\nIt's been a couple weeks out travelin' and this broad\nI've seen a couple freaks out battlin' for discharge it's odd\nI try to tell her I ain't seen a flier one\nDenying some, I have desired some, but that time is done\nNow I am gon' give it to you straight out of the bottle\nNo chaser, I've embraced one in lace, she was a model\nShorty jumped out of the closet even though I mean literal\nHer girl made it figurative, or maybe that's what liquor do\nBaby, that's the physical, maybe if we spend\nA few days all alone on our throne I can get to you\nI know you feelin' hittin' on the road is the typical\nBut I be in the telly, on your Myspace clickin' through\nYour pictures, this bruh took a good game\nBut a fella couldn't Roc, I wanna Dash to my Dame\nI'm sayin', I know I be playin' too much\nBut I'd rather go deaf than loose touch, holla at me\n\n[Hook]\nLook, been a minute, I know my number outta service\nCause sometimes I don't really wanna be reached\nDamn how things change in a year\nTell me how everything goin'\nAnd I know someone told me you wanted to teach\nLet me give you my (new shit)\nLet me give you my (new shit) (x6)\nThen call me anytime, I'll bet you I'll be around\n\n[Verse 3: Phonte]\nRound, round, round, round, round\nAyo, the same chick from \"Don't you have a man?\" \"Well...\"\nIt all blowed over like Manuel Noriega\nShe said she wouldn't marry the player\nBut she's the Tamia to his Grant Hill, man chill\nI thought you was my damn seal\nIn distress, rescue you from the landfill\nShe said, \"That ain't enough protection\nI need +Affection+ like Lisa Stansfield\nI guess I can't be mad at this thing that you got\nI'll lace you up but I ain't tryin' to tie the knot, so ah\nFrom me you won't hear no more questions\nAnd please understand that you got my blessings\nI hope that your new love opens doors\nAnd is everything that you hopin' for\nBut you can't get my new shit, girl you spoken for\n\n[Hook]\nLook, been a minute, I know my number outta service\nCause sometimes I don't really wanna be reached\nDamn how things change in a year\nTell me how everything goin'\nAnd I know someone told me you wanted to teach\nLet me give you my (new shit)\nLet me give you my (new shit) (x6)\nThen call me anytime, I'll bet you I'll be around\n\n[Verse 4: Drake]\nSince you came into college, Hill is somethin you still TiVo\nThen you switched the vibe and listened to Il Divo\nOr maybe D.M.P., A Tribe Called Quest\nBut when you call too much then I call less\nYou would always complain about my small texts\nBut what you call conversation, I call stress\nAnd that put a barrier between both of our carriers\nAnd I would be like \"I ain't getting service in your area\"\nYou be like \"Nigga get your bars up\"\nI just string you along like I was tuning guitars up\nI know that I was wrong, I think that this is fate\nYou took out those extensions and lost you a little weight\nYour booty lookin bigger and I think that shit is great\nA fresh start is in order, let me take you on a date\nTake you on a date\nI used to think you used to play too much\nBut I'd rather go deaf than lose touch, holla at me baby! (look)\n\n[Hook]\nLook, been a minute, I know my number outta service\nCause sometimes I don't really wanna be reached\nDamn how things change in a year\nTell me how everything goin'\nAnd I know someone told me you wanted to teach\nLet me give you my (new shit)\nLet me give you my (new shit) (x6)\nThen call me anytime, I'll bet you I'll be around", "image": "https://images.genius.com/866a4a7df935705e834f236499d617c6.1000x1000x1.jpg"}], "artist": "Drake"}