{"songs": [{"title": "City is Mine", "album": "Room for Improvement", "year": "2007-02-14", "lyrics": "[Verse 1]\nThis the record that my backpack underground fans get to get to skippin'\nBack back, Southern town fans get to tippin'\nChasin' fat stacks, runnin' down grands and submission\nI don't back track, every single sound for me different\nI don't own no ice, just got clean rap\nDon't ever two step, I just rock, lean, snap\nWe could take it out to Houston where the rides all glossed up\nAnybody I'm standin' beside's all bossed up\nBurglar minded they say I'm servin' them rhymers\nAnd me and Nickel F go together like burgers and diners, yes\nI'm like a waiter and you something like a hater\nWith trays in both hands, place an order I can cater, uh\nI got the diamonds in my teeth flow\nMemphis is the reason that my rhyming and my speech slow\nPeep though, I only got pity for you lames\nSitting pretty in the game, in the city that I claim\n\n[Hook]\nYo, the city is mine  (which one?)\nT-O-R-O-N-T-O\nD-R-A-K-E that's me\nYou know how the story goes\nPull up, range rove, yo chick, wanna roll\nAnd I play myself in the stereo\nAnd I make 'em wanna\nShake shake it, drop it drop it\nBounce it bounce it, wop it wop it\nGirl, move that thang like you gettin money for college, go!\nShake shake it, drop it drop it\nBounce it bounce it, wop it wop it\nGirl, move that thang like you gettin money for college, go!\n\n[Verse 2]\nBreak it down like you working for your tuition at Howard\nMama, get it how you live, that thang that you working is power\nTryna be generous, so honey here's a tip\nNow-a-days it's gettin cheaper to put 20's on the whip\nSo if you a opportunist look for 20's in the clip\nAnd if you find 'em attractive and funny, that's when you dip, dip\nAnd it's a trip, my city broke into sections\nUp North I got me a couple of troubles, couple connections\nAnd it's nothing that I created on purpose\nThere's people that gotta problem\nBut they scared to let it surface, uh\nYa boy say this, that, and the third to 'em\nSee me out and they never utter a word to 'em\nExpect me not to draw a card from the deck\nAnybody in my city going hard I respect but\nYou got a debt and you choose not to pay that\nI'mma hop ya fence, come into your yard and collect, lect uh\nIt ain't a problem of concern bruh\nI always end up with exactly what I earn bruh\nThis ain't last year, money like a cashier\nSo hand your receipt if you tryna make a return bruh\nYessir, I live in a city where a lot of people don't get shine, shine\nAnd, I be on by the fence as soon as anybody stepping out of line, line\nAnd I got way too much love, for the city I can never get too much of\nAnd if anybody hatin' on me, I deport 'em, the city is mine boy\n\n[Hook]\nYo, the city is mine  (which one?)\nT-O-R-O-N-T-O\nD-R-A-K-E that's me\nYou know how the story goes\nPull up, range rove, yo chick, wanna roll\nAnd I play myself in the stereo\nAnd I make 'em wanna\nShake shake it, drop it drop it\nBounce it bounce it, wop it wop it\nGirl, move that thang like you gettin money for college, go!\nShake shake it, drop it drop it\nBounce it bounce it, wop it wop it\nGirl, move that thang like you gettin money for college, go!\n\n[Outro]\nAfter that, break it down\nBreak it, Break it down\nAfter that, break it down\nBreak it, Break it down\nAfter that, break it down\nBreak it, Break it down\nAfter that, break it down\nBreak it, Break it down", "image": "https://images.genius.com/6a6fb10fa3abc7a73d07c10a6e53642d.500x500x1.jpg"}], "artist": "Drake"}