{"songs": [{"title": "Give Ya", "album": "Comeback Season", "year": "2007-09-01", "lyrics": "[Verse 1: Drake]\nCheck, look\nAnd I ain't tryna get to know nobody but you\nDo me a favor tell me what's happenin'\nI am drinkin' XO D is sippin' some Appleton\nUsually the things I desire I always apprehend\nBack again return of the mack again\n'Deceiving' was cool I'll never record the track again\nEven though my ex is fuckin' one of my rapper friends\nI don't wanna seem like I am always attacking them verbally\nYou can stop frontin' I know you heard of me\nBabygirl ya, ya, ya heard of me\nLittle me\nPay attention I guarantee you it'll be\nOne of the best, decisions you've made\nI'm sonnin' them all I live in the shade\nPreviously mischievous behaviour was the leader of me\nYou could say I was fresh to some conceited degree\nSteppin' out the house tryna figure out where cameras from Cheaters would be\nBut now I need a culprit\nI am talkin Long Sands Beach, condo adult shit\nI am talkin' all day shoppin' sprees in the mall with\nFriends that I ball with\nHear me, Trey's girl? Go and get you some Fall shit\nSweetie I am a track's demise\nI will kill this song 'til it actually dies\nWith a military jacket and some packed supplies\nI won't say I'm the best 'til the stats arrive\nAnd all these a-list parties you fraternize\nWhere you can't wear hats inside it's only slacks and ties\nBut you don't never act surprised\nYou just hold it down for your boy 'til the plaques arrive\nAnd girl, I used to blow a couple thousand at the shake joint\nNow it cost a couple thousand for a Drake joint\nI gave up a lot to make a progress\nI give it to you, and you take it the best\n\n[Hook: Trey Songz]\nWhen I give ya what I give ya\n(You gon' like that)\nWhen I give ya what I give ya\n(You throw it right back)\nIt ain't a women in the world that can doubt that (oh)\nI need a women not a girl cause I'm bout that (oh no no)\nAnd when I give ya what I give ya\n(You gon' like that)\nWhen I give ya what I give ya\n(You throw it right back)\nIt ain't a women in the world that can doubt that (oh)\nI need a women not a girl cause I'm bout that (oh no no)\nAnd when I give ya what I give ya\n\n[Verse 2: Trey Songz]\n(It's The Prince, look here)\nYup it's me again, Songz with a 'z' again\nCanadian visitor, lady exhibitor\nPlay me I'll visit ya\nLay you in critical, condition\nSo don't get it twisted nigga\nBut back to the pimpin' nigga\nIntercontinental you can catch me laid up\nSomethin' with a fly face, slim waist, big butt\nThat's why I love what I does\nShot a couple videos now we got the city froze\nSomethin' like my wrist be\nNiggas know how this shit be\nStep into the club security never frisk me\nBuy so much liquor they give us a couple sips free\nI be on Henessy\nStraight with no cubes\nTake me where the women be\nI won't lose\nDrake take Patr\u00f3n to the face 'til he wasted\nI'm blowin 'til I'm gon' outta space in the Matrix\nCall me Mr. Anderson huh\nI'm ramblin'\nBut at the same time I'm spittin' a flame rhyme\nBaby what's your name? they call me the game mind\nMost valuable player baby listen it's game time\nWe could take a couple shots break down ya d's\nTake it to the hole post up on me\nLet me fill the arena\nI'll be Gilbert Arenas\nSomethin' like a wizard when I give ya what I give ya\n\n[Hook]", "image": "https://images.genius.com/866a4a7df935705e834f236499d617c6.1000x1000x1.jpg"}], "artist": "Drake"}