{"songs": [{"title": "Using Me", "album": null, "year": null, "lyrics": "Yeah\n6 shit\n\nBeen with so many women I can\u2019t even count\nBitches all borrowin my Netflix account\nMessin up all of my recommendations\nYou know I don\u2019t wanna watch Sense8, son!\nHe may be my kid but I\u2019m not buying no family plan\n12 bucks a month? I ain\u2019t made of money, damn\nLearned my lesson, thought I could trust a hoe\nGotta change the password to HBO Go\nFor real", "image": "https://images.genius.com/22999a3378819809ee4848f7c60a744c.1000x1000x1.jpg"}], "artist": "Drake"}