{"songs": [{"title": "Fallen", "album": "Born Successful", "year": "2009-07-09", "lyrics": "[Intro: Drake]\nYeah, it's Drake, KC\n\n[Verse 1: Keshia Chant\u00e9]\nWe was just walking\nJust smiling and talking\nThen add to my surprise\nGot lost in your eyes\nThis time they were different\nAnd I found what it meant\nAfter I leaned in I helplessly fell in\n\n[Chorus: Keshia Chant\u00e9]\nHelp me I've fallen in love\nAnd now I can't get up\nSomewhere between your lips\nIs where I think my heart slipped\nI tried to catch myself\nNot even I could have helped myself from falling\nI think that I'm in love\n\n[Verse 2: Keshia Chant\u00e9]\nIn love and I can't see\nWhat's happening to me\nYou blinded my thoughts\nFrom what pain and tears taught\nSee my hearts been broken before\nIt don't trust love anymore\nOne kiss from you\nI just felt myself fall right through\n\n[Chorus: Keshia Chant\u00e9]\nHelp me I've fallen in love\nAnd now I can't get up\nSomewhere between your lips\nIs where I think my heart slipped\nI tried to catch myself\nNot even I could have helped myself from falling\nI think that I'm in love\n\n[Verse 3: Keshia Chant\u00e9]\nGot me hypnotized with your magic spell\nI got butterflies, can't control myself\nClose my eyes at night and I dream of you\nIt's true, don't know what to do\n\n[Bridge: Keshia Chant\u00e9 & Drake]\nDon't stop now\nSince I let you in\nYou showed me how\nYou showed me how to love again\nAnd there's no reason why\nI can't give you a try (you know what it is)\n'Cause it feels so right\n\n[Verse 4: Drake]\nLook, previously mischievous behavior\nWas the leader of me\nYou could say I was fresh to some considerable degree\nSteppin' out the house\nTryin' to figure out where cameras from cheaters would be\nBut ugh, Keshia, Keshia do you remember the old us?\nWe would never be together, is what they told us\nFrom immature kids to entrepreneur kids\nWe bought our own dreams instead of the ones they sold us\nKeep it a hundred, what they sayin' I'm a liar for?\nAiring laundry, that's what I got a dryer for\nWhat are they even searching through attire for?\nTellin' you these stories bout lonely women that I ignore\nCallin' them out is red rover to me\nTo them it's a dream, its just a rare rover to me\nSee I'm passionate and focused\nI don't know how they expect a Scorpio born in October to be, but ugh\n\n[Alternate Verse: Drake]\nI'm going in, check\nLook, previously mischievous behavior was the leader of me\nYou could say I was fresh to some conceited degree\nSteppin' out the house\nTryin' to figure out where cameras from cheaters would be\nBut now, I need a culprit\nI am talking lofts and beach condo adult shit\nI am talking all day shopping sprees at the mall with, friends that I ball with, here meet T's girl, go and get some fall shit\nSweetie I am a tracks demise. I will kill this song until it actually dies\nWith a military jacket and some pack supplies\nI won't say I'm the best until the stats arrive\nAnd all these A-list parties you fraternize\nWhere you can't wear hats inside, its only slacks and ties\nBut you dont ever act surprised\nYou just hold it down for your boy until the plaques arrives\nThats why I love you\n\n[Chorus: Keshia Chant\u00e9]\nI've fallen please help me", "image": "https://images.genius.com/09c843b49a2466e1a43f2a46ad8bcf1c.500x500x1.jpg"}], "artist": "Drake"}