{"songs": [{"title": "Try Harder", "album": "Room for Improvement", "year": "2006-02-14", "lyrics": "[Verse 1: Drake]\nSometimes I feel like Lohan and Hilary Duff are the only ones with enough\nTo feel what I'm about to say in this song\nWhen they want you to be like somebody else and you just want to be yourself\nAnd you do it and get the feeling it's wrong\nThat there is when all the press articles happening and the cameras get to snapping\nAnd they try to make you out as a lie\nIt's ironic because you were just trying to please them by using logic and reason\nIt's a lose lose why even try\nWhen your ideas so frequently get rejected\nPeople just get neglected\nAnd they never really know how to feel\nPhone calls is something that you're expecting for someone without the ethics\nAnd the motives to try and make them a mill\nYou never noticed the fact you might be working without receiving the perks and\nThey just wanna say that you ain't around\nI mean there's always some blame to put on yourself instead of claiming\nThat you couldn't help and maybe next time you ain't in town\n\nChorus: (x4)\nYou gonna try to try harder cuz\nTry harder cuz\nTry Try-Try-Try\n\n[Verse 2: Drake]\nAnd the managers make you succumb to pressure and if what you spittin' is fresher\nThan most of these rappers running the game\nCertain people will copy what's in the past to turn the profit with cash\nThere's time I would have done it the same\nI mean I got me a Range\nAlso got me a guilty conscience\nThat made you tell anybody I meet that I rent\nSometimes I wish that I would just chilled on the sneakers\nAnd watched the game from the bleachers\nBecause I'm really tend to need what I spent\nIn a house that I promised to get my mother don't compensate for the other time\nI wasted out late at the club\nInstead of sitting in once a week for some dinner I'm working hard on the winter\nSo this album is a labor of love\nYou say as long as I'm staying out of the streets and just spending money on beats\nThat she can rest without a toss and a turn\nBecause she know that my reputation precedes me and people watch me on TV\nThat's exactly why I often get burned\nBut I'm gonna try to..\n\nChorus: (x4)", "image": "https://images.genius.com/c85f36c02060316fcec1ed423c60f0da.1000x1000x1.jpg"}], "artist": "Drake"}