{"songs": [{"title": "Friends With Money", "album": null, "year": null, "lyrics": "[Intro]\nD-D-D-Do that\n\n[Chorus]\nI got friends with money, and I got money too\nSo we put it together and let you pick what to do\nAnd then we do it!\n(Young paid nigga, you know I'm gettin' money)\n'Cause we can do it!\n(Young paid nigga, you know I'm gettin' money)\nI got friends with money, and I got money too\nSo we put it together and let you pick what to do\nAnd then we do that!\n(Little nigga, you know I'm gettin' money)\n'Cause we can do that!\n(Little nigga, you know I'm gettin' money)\n\n[Verse 1]\nUhh, focus on women then you get less done\nIt's light work, flow is heavy like a wet sponge\nI'm gettin' rich 'cause I think being broke is less fun\nCelebratin' Father's day every day so don't get sonned\nWhere you tryna go, I'm ready\nPick any place in the world, the dough is comin' in steady\nI'm chillin' out with T and Jay and Nico\nMy city ain't a city that support they own people\nBut I run it, you say something about it, I doubt it\nI got this Gucci wallet, I do not leave home without it\nI'm 'bout it, I'm 'bout it, I'm standing on these couches sayin'\n\"Bring this booth a bottle, no we do not need a spout bitch!\"\nPardon me, that was rude\nIf you just started balling I say I'm 'bout to conclude\nWhat more is there to do\nAnd why I would pretend\nShe call me and I hit it every time like 'SEND' (damn)\n\n[Chorus]\nI got friends with money, and I got money too\nSo we put it together and let you pick what to do\nAnd then we do it!\n(Young paid nigga, you know I'm gettin' money)\n'Cause we can do it!\n(Young paid nigga, you know I'm gettin' money)\nI got friends with money, and I got money too\nSo we put it together and let you pick what to do\nAnd then we do that!\n(Little nigga, you know I'm gettin' money)\n'Cause we can do that!\n(Little nigga, you know I'm gettin' money)\n\n[Verse 2]\nYeah, look\nMe and 40 whilin', stylin'\nSomehwere on the island\nLay her down and fold her like that shit you put a file in\nWe all get to pitch in and that's when it gets to pilin'\nAnd I'm callin' your bluff\nDon't act like you can't see my dialin'\nNever embellish, believe 'em 'cause he ain't exist\nThe stars on my team but I lead the league in asist\nNever been a believer that previously exist\nI wonder what I be doin' when previously is this\nI do breakfast at the Ivy, you can grab some lunch to go\nHavin' dinner at Chateau's, right across from Lindsey Loooo-han\nDon't I treat you better than your old man?\nHe couldn't have done it like this sho' nuff\nI tend to dro puff\nI'm throwed and I'm high\nI guess I'm throwed up\nTone it all down\nMy nigga grow up\nAnd tell me when you start getting paid to show up, damn\n\n[Chorus]\nI got friends with money, and I got money too\nSo we put it together and let you pick what to do\nAnd then we do it!\n(Young paid nigga, you know I'm gettin' money)\n'Cause we can do it!\n(Young paid nigga, you know I'm gettin' money)\nI got friends with money, and I got money too\nSo we put it together and let you pick what to do\nAnd then we do that!\n(Little nigga, you know I'm gettin' money)\n'Cause we can do that!\n(Little nigga, you know I'm gettin' money)\n\n[Chorus]\nI got friends with money, and I got money too\nSo we put it together and let you pick what to do\nAnd then we do it!\n(Young paid nigga, you know I'm gettin' money)\n'Cause we can do it!\n(Young paid nigga, you know I'm gettin' money)\nI got friends with money, and I got money too\nSo we put it together and let you pick what to do\nAnd then we do that!\n(Little nigga, you know I'm gettin' money)\n'Cause we can do that!\n(Little nigga, you know I'm gettin' money)", "image": "https://images.genius.com/22999a3378819809ee4848f7c60a744c.1000x1000x1.jpg"}], "artist": "Drake"}