{"songs": [{"title": "Thank You Note to 40", "album": null, "year": "2016-04-28", "lyrics": "Before we do this I just wanna say thanks man. Thank you for the years you spent working with some of Toronto's true legends honing your craft. Thanks you for dropping everything to work with me after we met and realized we had something special. Thank you for pushing yourself despite the fact you should be resting to achieve an end goal that we are both obsessed with. Thank you for listening to me vent and talking me off ledges. Thank you for talking me out of sending every good song I make to someone else \ud83d\ude02. Thank you for reminding me that we set out to do something more than just have the biggest song in the club or the biggest song of the month. Thank you for building SOTA. Thank you for caring about the people in this city as much as I do. Thank you for a lifetime of hard work and surreal moments. This story would have gone a lot different without you. Thank you 40 (aka DB40 aka Cuarenta aka Bibber aka My brother). Text me when you are ready to start the next one \ud83d\ude02\ud83d\ude02\ud83d\ude02  @ovo40", "image": "https://images.genius.com/22999a3378819809ee4848f7c60a744c.1000x1000x1.jpg"}], "artist": "Drake"}