{"songs": [{"title": "Bitch Is Crazy", "album": "Comeback Season", "year": "2007-09-01", "lyrics": "[Intro]\nAww man\nHo! Yes!\nHahaha\nYeah... Can y'all hear me out there?\nIt's a lovely night tonight ain't it?\nYeah I know\nI know what they thinkin' they ain't heard the beat they aleady scared\nYou know how I get down\nBut look I'm just gon keep it real\n\n[Verse 1: Drake]\nI'd like to know if there is a chemical\nImbalance in your makeup\nYeah\n(Gotta be something wrong with you baby)\nSometimes I wonder... wonder if you plan\nHalf of this shit before I wake up\n(Ohh Yeah)\nCallin my ex-girl or e-mailin my mama (Damn)\nYou're the only one\nThat's causin me this drama\nAnd then expect favors (Yea)\nWhen you come in town\nAnd I know if I see you guaranteed it's goin down\n\n[Hook]\nCause\nToo stay with this girl (Ho!)\nYou couldn't pay me!\nI respect a woman\nBut this bitch is crazy (Hahaha)\nThis bitch is crazy (Yea)\nThis bitch is crazy\nI respect a woman (I do)\nBut this bitch is crazy\n\n[Outro]\nShe don't even know\nThat's the craziest part right?\nShe just oblivious to the whole shit like\nAnd you know like I was sayin sometimes\nI gotta get my R&B on you know\nI wanna wear the wife beaters\nWith the slit at the top so\nI can tear it easy and all that\nI wanna sing in the rain girl\nYou know what I'm talkin bout\nYea\nI need a R&B name too like uh... like uh... like\nI don't know I'll think of it\nHey!\nHahaha\nYou crazy man for real\nHo!\nOh well nigga fuck that ho!\nGoddamn\nI said it without sayin it man", "image": "https://images.genius.com/866a4a7df935705e834f236499d617c6.1000x1000x1.jpg"}], "artist": "Drake"}