{"songs": [{"title": "Peak", "album": "Scorpion", "year": "2018-06-29", "lyrics": "[Verse 1: Drake]\nTreat you like princess\nRest in heaven, Diana\nPiquing my interest\nShe got peak like Montana\nEngland breeds proper girls\nWhere are all your good manners?\nReply with pleasantries\nHonestly I can't stand ya\n\n[Chorus: Drake]\nOh, oh, oh, oh, oh\nOh, oh, oh, you gon' make me turn up on you\nOh, oh, oh, oh, oh\nOh, oh, oh, you gon' make me turn up on you\n\n[Verse 2: Drake]\nWhat you thought of me?\nNever had me missin' a beat\nThat's just a view from a cheap seat\nThey don't want problems with me\nTalk used to be cheap, nowadays it's free\nPeople are only as tough as they phone allows them to be\nGirl, that could never be me\nI found my peace, I'm about to say my piece\nYou might not agree with me\n\n[Interlude: Stefflon Don]\nBitch been with this boy, yeah, for 4 weeks\nI told her go on a date\nAll of a sudden she married\nDidn\u2019t say get bloodclaat married\n\n[Chorus: Drake]\nOh, oh, oh, oh, oh\nOh, oh, oh, you gon' make me turn up on you\nOh, oh, oh, oh, oh\nOh, oh, oh, you gon' make me turn up on you\n\n[Outro: Stefflon Don, Vinessa Douglas & Rhea Kpaka]\n\u2014 What I'm sayin', in today really at our big, big age if you're gettin' with someone right now and you're linking them for couple weeks, they should know 'This is the girl I kinda want to see' so lemme lock off the ting but obviously in the world that we live in today is not like that\n\u2014 He is\u2026 did that \u2014 but obviously it takes time\n\u2014 You're chattin' shit. First of all you shouldn't have no problems at the beginning, it should be like honeymoon\u2013\n\u2014 That's what I said, that's what I said! The beginning is always honeymoon season\n\u2014 Yeah, well you overdo it and he's overdoin' it. Both of you are overdoin' it right now\n\u2014 Yeah, well, alright", "image": "https://images.genius.com/2fee80dd9aec0717aef8e1eb7aaaae4c.809x809x1.jpg"}], "artist": "Drake"}