{"songs": [{"title": "U With Me? (T\u00fcrk\u00e7e \u00c7eviri)", "album": null, "year": null, "lyrics": "[Intro: DMX]\nBu kaltaklar bir zenciden ne ister?\n\n[Verse 1]\nBiraz DMX olay\u0131nday\u0131m\nEski sevgililerime grup mesaj\u0131 at\u0131yorum\nOnlara bana ait olduklar\u0131n\u0131 s\u00f6yl\u00fcyorum, bu sonsuza kadar devam ediyor\nVe biz birlikte de\u011filken daha yak\u0131n oldu\u011fumuzu d\u00fc\u015f\u00fcn\u00fcyorum\nBana kafa kar\u0131\u015ft\u0131rd\u0131\u011f\u0131m\u0131 s\u00f6yl\u00fcyorsun\nMarques Houston'dan daha olgunla\u015fmam\u0131\u015f\nYara band\u0131 i\u00e7in \u00e7ok derinden kesiyor\nBiz bunda \u00e7ok derinlerdeyiz, beni asla kaybetmeyeceksin\nLOLOL, bu boku komik buldu\u011funa sevindim\nBiz ba\u015flamadan \u00f6nce benim hakk\u0131mda \u00e7ok \u015fey duydun\nBiliyorum ki benim Mardi Gras gibi havuz partilerimi duydun\nBiliyorum ki benim Audemars sponsorlu k\u0131z\u0131m\u0131 duydun\nBu y\u00fczden o beni do\u011fruluyordu zaman\u0131m doldu\u011funda\nVe benim evim bir tan\u0131m\u0131\nAlkol ve ot ba\u011f\u0131ml\u0131l\u0131\u011f\u0131n\u0131n\nFarkl\u0131 bir g\u00f6r\u00fc\u015fe sahipsin\nMutfakta \u00e7\u0131plak \u015fekilde dolanmak istiyorsun\nZencilerimden birine ko\u015fmadan\nBizim ya\u015fama \u015feklimiz bu de\u011fil\n\u00c7ok fazlas\u0131 devam ediyor, bu sadece ger\u00e7ek\u00e7i de\u011fil\nBu g\u00fcnlerde o g\u00fcnler hakk\u0131nda konu\u015fmuyorum onlar\u0131 \u00f6zlemi\u015fim gibi\nVe onlar\u0131 da ka\u00e7\u0131rmamal\u0131s\u0131n, biz farkl\u0131 insanlar\u0131z\nAma her zaman konu\u015fuyoruz\n\n[Hook]\nBir\u00e7ok oyun oynanm\u0131\u015f gibi duruyor\nNas\u0131l oluyor?\nE\u011fer biz gidene kadar b\u00f6yle devam edecekse bilmek zorunday\u0131m\nBenimle misin de\u011fil misin?\nEvet\nBir\u00e7ok oyun oynanm\u0131\u015f gibi duruyor\nNas\u0131l oluyor?\nE\u011fer biz gidene kadar b\u00f6yle devam edecekse bilmek zorunday\u0131m\nBenimle misin de\u011fil misin?\nEvet\n\n[Verse 2]\nBilmek istiyorum, ne kadar zaman harc\u0131yorsun bu paragaflarda\nBeni tuttu\u011fun yerlerde\nT\u00fcm bu grilik bizim konu\u015fma ge\u00e7mi\u015fimizde, sen\nAk\u0131l oyunlar\u0131 oynuyorsun, bir \u015feyler s\u00f6ylerken\nMime oyunlar\u0131 oynuyorsun, ikimiz de ayn\u0131 \u015feyi yap\u0131yoruz\nGe\u00e7 saatlerde mesajlara bakmak\nGe\u00e7 saatlerde mesajlara bakmay\u0131 seviyorsun\n\"Orada m\u0131s\u0131n\" yaz\u0131p g\u00f6nderiyorsun davetsiz bir \u015fekilde\n\u0130\u015fte bu \u015feyi sevmiyorum\n\u0130kimiz de ge\u00e7 saatlerde mesajlara bak\u0131yoruz\nBo\u015f zaman\u0131m\u0131zda bir \u015feyler yap\u0131yoruz\n\u0130kimiz de, evet\nHatalar yapt\u0131k bu yolda\nEvet, cidden b\u00f6yle mi?\nOyuncak gibi yap\u0131yorsun bunu Happy Meal gibi\n\u00dc\u00e7 nokta, nas\u0131l tepki verece\u011fini d\u00fc\u015f\u00fcn\u00fcyorsun hala\nSen yazarken, emin ol bana anlataca\u011f\u0131na\n\n[Hook]\nBir\u00e7ok oyun oynanm\u0131\u015f gibi duruyor\nNas\u0131l oluyor?\nE\u011fer biz gidene kadar b\u00f6yle devam edecekse bilmek zorunday\u0131m\nBenimle misin de\u011fil misin?\nEvet\nBir\u00e7ok oyun oynanm\u0131\u015f gibi duruyor\nNas\u0131l oluyor?\nE\u011fer biz gidene kadar b\u00f6yle devam edecekse bilmek zorunday\u0131m\nBenimle misin de\u011fil misin?\nEvet\n\n[Verse 3]\nEvet, bir ayl\u0131\u011f\u0131na The London'da ya\u015fad\u0131\u011f\u0131n\u0131 hat\u0131rla\nServis asans\u00f6r\u00fc 4201'e do\u011fru\nBiz hala bir s\u0131rd\u0131k, \u00f6n taraftan ge\u00e7emedik\nK\u0131z\u0131m, ben arkandayd\u0131m senin tek yapt\u0131\u011f\u0131n \u015fey \u00f6nde olmakken\nBu eminim ki b\u00f6yle, an\u0131lar\u0131mdan bir kariyer yapt\u0131m\nZaman, ge\u00e7menin kolay bir yoluna sahip, bu \u015feyler \u00e7ok farkl\u0131\n\u0130tiraf edece\u011fim, bir\u00e7ok \u015feyi itiraf ettim\nBiliyormu\u015f gibi davran, sikeyim bu hikayeleri, sikeyim onlar\u0131n yapt\u0131\u011f\u0131 karalamalar\u0131\nAnla, ihtiyac\u0131m olan ve paray\u0131 kazanaca\u011f\u0131m yoldaki insanlara kar\u015f\u0131 sorumluluklar\u0131m var\nBir\u00e7ok zenci \u00e7eki kesti b\u00f6ylece bu flow'u alabilirler\nBir\u00e7ok zenci \u00e7eki kesti b\u00f6ylece bu flow'u alabilirler\nOhhh, ohhh\nSenin k\u0131\u00e7\u0131na t\u00fcm d\u00fcnyay\u0131 vermeye \u00e7al\u0131\u015f\u0131yorum\nParmaklar\u0131n\u0131 sa\u00e7lar\u0131m\u0131n aras\u0131nda gezdiriyorsun\nBeni tan\u0131d\u0131n \u00e7ocuk waves sa\u00e7lara sahip oldu\u011funda\nAma art\u0131k yeter\nAsla benim seni unuttu\u011fumu s\u00f6ylemezsin\nVe bunlar ger\u00e7ekler", "image": "https://images.genius.com/22999a3378819809ee4848f7c60a744c.1000x1000x1.jpg"}], "artist": "Drake"}