{"songs": [{"title": "Cece\u2019s Interlude", "album": "Thank Me Later", "year": "2010-06-15", "lyrics": "[Verse 1]\nAll night I've, been staring, can you tell I want you?\nCan't be too, wide open, there's nothing, I won't do\nOh, just thought you should know\n\n[Chorus]\nThat's when you start to laugh\nSaying I just want what I can't have\nWon't even give me a chance\nClaiming I'm just not as serious as you\nShorty if you only knew, this is serious\n\n[Verse 2]\nI wish I, wasn't famous\nI wish I, was still in school\nSo that I could have you in my dorm room\nI would put it on you, crazy\n\n[Chorus]\nThat's when you start to laugh\nSaying I just want what I can't have\nWon't even give me a chance\nClaiming I'm just not as serious as you\nShorty if you only knew, this is serious\n\n[Outro]\nUp all night\nUp all night\nUp all night\nUp all night\nUp all night\nUp all night\nUp all night", "image": "https://images.genius.com/f0994c69f0994bc6b307070ecb02d6cd.1000x1000x1.jpg"}], "artist": "Drake"}