{"songs": [{"title": "Do It All", "album": null, "year": null, "lyrics": "[Hook: Drake]\nSomebody remind me where I am\nThat's right I\u2019m at home, yeah I\u2019m right where I belong\nGirl you say you feeling faded yeah me too\nThis smoke is getting blown, and these drinks are super strong\nI know they ain't getting money like we do\nSo it\u2019s on\nI was looking for the one\nNow I\u2019m feeling dumb for thinking it was you\nI was wrong\nNow I\u2019m back up in this bitch\nGoing harder than I did\nWatch me do it\n\nAnd I\u2019mma do it all\nFeeling like the old me\nYou don\u2019t even know me\nI\u2019mma do it all\nI\u2019mma do it all\nThat's probably why I\u2019m back up in this bitch\nGoing harder than I did\nWatch me do it\n\n[Drake: Verse 1]\nTonight I\u2019m into breaking up\nSomebody\u2019s home\nI\u2019m drunk as ever\nI\u2019m not alone, (I I I)\nI\u2019m with my people\nI know you love it\nI don\u2019t just do it\nI over does it\nI be getting money so long\nIts just paper to me\nTake all my memories with you and just erase it for me\nYou can never reminisce when you forget it all\nCareful what you wish for, you just might get it all\nNow my life is angel hair and pinot grigio\nBaby forget about it\nIm headed wherever this motherfucking jet is routed\nYou can\u2019t have my heart the doctor told me I\u2019d be dead without it\n\nMy judgment's never cloudy\nThat\u2019s why I\u2019m steady yelling weatherman weatherman\nI\u2019m about whatever man\nI\u2019m tryna fuck with Tinkerbell in Never Neverland\nBut I\u2019m polite about it\nBaby after you\nI\u2019ve had a glass or two so somebody remind me where I am\n\n[Hook]\n\n[Drake: Verse 2]\nTryna get the green like I\u2019m waiting at a long light\nBroke just doesn\u2019t suit me girl and every night is prom night\nWhere\u2019d I put my bow tie\nMillionaire, multi\nRest in peace to BIG and praises to the most high\nGetting stupid paid off of smart decisions\nI\u2019m the man now, I guess that part's a given\nSo someone please tell me the problem with my competition\nI ask whats up and they just say the cost of living\nI love from it though, I\u2019ve been down and I got up\nBring a hundred thousand to the club and light your spot up\nAnd me falling and landing in love shouldn't happen\nBecause everything's easier to get into than get out off\nBut someone show me to the owner of this city\nBecause the owners always seem to be the only people with me\nI\u2019m still the mafia, still run the committee\nNY forever nigga, Diddy\n\n[Hook]\n\n[Instrumental Outro]", "image": "https://images.genius.com/22999a3378819809ee4848f7c60a744c.1000x1000x1.jpg"}], "artist": "Drake"}