{"songs": [{"title": "Free Smoke", "album": "More Life", "year": "2017-03-18", "lyrics": "[Intro: Nai Palm & Drake]\nIs it the strength of your feelings\nOverthrowing your pain?\nYou'll see new heights you\u2019ll be reaching\nAnd is it today that you will find your new release?\nAnd in your wake, ripple your sweet fate\nAnd more chune for your headtop\nSo watch how you speak on my name, you know?\n\n[Verse 1]\nYeah, I couldn't get a bill paid\nYou couldn't buy the real thing\nI was stayin\u2019 up at yo' place\nTryin' to figure out the whole thing\nI saw people doin' things\nAlmost gave up on the music thing\nBut we all so spoiled now\nMore life, more everything\nMust have never had your phone tapped\nAll that yappin' on the phone shit\nYou must really love the road life\nAll that never comin' home shit\n\n[Chorus]\nFree smoke, free smoke, ayy\nFree smoke, free smoke, ayy\nFree smoke, free smoke, ayy\n\n[Verse 2]\nDom Ros\u00e9 toast\nHidden Hills where I post\nI start my day slow\nSilk pajamas when I wake though\nMiraval to the face though\nI drunk text J-Lo\nOld number, so it bounce back\nBoi-1da got the bounce back\nUsed to get paid for shows in front-door money\nFive, ten, twenties, hand sanitize after you count that\nMe and Gibbo was about that\nEatin' Applebee's and Outback\nSouthwest, no first class\nHilton rooms, gotta double up\nWritin\u2019 our name on a double cup\nWe ain\u2019t even have a tour bus\nGirls wouldn't even think of recordin\u2019 me\nI fall asleep in sororities\nI had some different priorities\nWeezy had all the authority\nWomen I like was ignorin' me\nNow they like, \"Aren't you adorable?\"\nI know the question rhetorical\nI took the team plane from Oracle\nMama never used to cook much\nUsed to chef KD\nNow me and Chef, KD\nBet on shots for twenty G's\nI brought the game to its knees\nI make too much these days to ever say, \"Poor me\"\nWhere you at? I never see you\n\n[Chorus]\nFree smoke, free smoke, ayy\nFree smoke, free smoke, ayy\nFree smoke, free smoke, ayy\n\n[Verse 3]\nNiggas moves so waste\nPlease come outside the house and show yourself\nSo I can say it to your face\nIt\u2019s bound to happen, man, it's gotta happen now\nSo let's just get it out the way\nLot of niggas goin' bad on me\nPlease, one at a time\nI wanna move to Dubai\nSo I don't never have to kick it with none of you guys\nI didn't listen to Hov on that old song\nWhen he told me pay it no mind\nI get more satisfaction outta goin' at your head\nAnd seein' all of you die\nAnd I seen a lot of you die\n\n[Chorus]\nFree smoke, free smoke, ayy\nFree smoke, free smoke, ayy\nFree smoke, free smoke, ayy\n\n[Verse 4]\nHidden Hills where I post, yeah\n'Ye already know, yeah\nI'm the troublemaker in the neighborhood\nFar as troublemakin' goes, yeah\nHouse party up the road, yeah\nI'm not Kid 'n Play\nThis kid doesn't play about the flow, yeah\nY'all keep playin' with your nose, yeah\nYou get high and do the most, yeah\nHow you let the kid fightin'\nGhost-writin' rumors turn you to a ghost?\nOh, you niggas got jokes\nFree smoke, free smoke\n\n[Outro: Baka]\nBaka\nYeah, we outchea\nYa dun know, eh?\nIt's a OVO ting, eh?\nYa dun know, eh?\nIt's a East Side ting, eh?\nYa dun know, eh?\nMore life", "image": "https://images.genius.com/4672f8523e0fbf7f7848185256e946f4.1000x1000x1.jpg"}], "artist": "Drake"}