{"songs": [{"title": "Juice", "album": "Born Successful", "year": "2009-12-11", "lyrics": "[Produced by Boi-1da]\n\n[Intro]\nBoi-1da... Drizzy\n\n[Verse 1]\nY'all don't really like me\nI can understand\nMy flow is sitting right inside the pocket on my pants\nI'm still fly, you can't float\nRun this shit, Usain Bolt\nI write your favorite records, are you saying ghost?\nTwenty-thousand for a verse is our routine quote\nI'm getting rich, uhh, you staying broke\nChillin' even if I'm in a goose down coat\nI can't see you through the Mosley Tribes\nSo I don't even flinch if you throw me high-fives\nThey try to measure up, but there is no one my size\nWhatever 40's smokin' 'bout to low my eyes\nBeast mode on them, I never take a night off\nEvery single thing a nigga purchase is a write off\nGrounded as the runway pavement, I'm taking flight off\nBaby go ahead and cut the light off\nCause it's about to go\n\n[Verse 2]\nI hear my phone ringing when you call\nI ain't pickin' up or entertainin' them at all\nGot your girl face down, bangin' on the wall\nWhile you and all your homeboys hang in Lenox Mall\nMmm, mmm, mmm\nI cannot relate\nRidin' with some tags that I got from out of state\nRidin' with a swag that I got from outer space\nJust show me who's the hottest, I'mma knock him out his place\nCall me homicide Drizzy, I'm 'bout to kill your ego\nI'm about my green, puffin' goody like I'm Cee-lo\nYou can go and take a glance at your hero\nWhile the Houston ship a pole dancing zero\nFantasy to you, reality to me\nAnd yeah, my G-pass is as valid as can be\nI'm so fresh, a stylist would agree\nWaving at your girl while she's smiling back at me like", "image": "https://images.genius.com/09c843b49a2466e1a43f2a46ad8bcf1c.500x500x1.jpg"}], "artist": "Drake"}