{"songs": [{"title": "Pop Style", "album": "Views", "year": "2016-04-09", "lyrics": "[Hook]\nDropped outta school now we dumb rich (dumb rich)\nThis sound like some forty-three-oh-one shit (one shit)\nAll my niggas wanna do is pop style (pop style)\nTurn my birthday into a lifestyle (lifestyle)\n\n[Verse 1]\nTell my mom I love her if I do not make it (do not make it)\nGot so many chains they call me Chaining Tatum (they do, they do)\nAnd I like to finish what you think you started\nMan you boys just got to Hollywood, you boys just started\nYou don't know what you just started\nAll I do is hang with the young and heartless\nAll this for my family, man, I try my hardest\nIt's all I ever did and look where it got him\nYeah, you've been on my mind lately\nYou've still got my number, girl you need to call me\nI feel like they wanna see me learn the hard way\nBut you know I always handle that one my way\nGirl let me rock, rock, rock, rock, rock your body\nJustin Timberlake and then I hit the highway\nI can't trust no fuckin' body\nThey still out to get me cause they never got me\n\n[Verse 2]\nThey still out to get me, I don't get it\nI can not be got, and that's a given\nGive a real nigga the number one\nEven though I got like twenty-one\nCannot be me I'm a one-of-one\nSchooling your ass like 101\nThey been out here tryna slide on me\nThey been out here telling lies on me\nEverybody looking out for themself\nBut they still got they eyes on me\nSee me putting in the hard work now, aye\nMomma doesn't have to call work now, aye\nI decide when I start work now, aye\nProblems hit the gym, they all work out\nMVP, MVP, oh-nine all the way to sixteen\nEven next season looking like a breeze\nLot of y'all ain't built for the league, yeah\nTrade you off the team while you in your sleep, yeah\nY'all showed me that nothing's guaranteed\nAnd you don't know what you started\nMy friend's chain so big that he look like the artist\nI can't trust no fuckin' body\nThey still out to get me cause they never got me\n\n[Hook]\nDropped outta school now we dumb rich (dumb rich)\nThis sound like some forty-three-oh-one shit (one shit)\nAll my niggas wanna do is pop style (pop style)\nTurn my birthday into a lifestyle (lifestyle)", "image": "https://images.genius.com/6f4b9c41ccb18485cccd6aa364ccc3b8.1000x1000x1.jpg"}], "artist": "Drake"}