{"songs": [{"title": "Still Got it", "album": null, "year": null, "lyrics": "I feel good, I got some time off girl it's been so long\nDid you have fun? cause I'mma need a cab just to get me home\nAnd maybe you can call in sick, then bring it to the crib and get all this...\nI know, I know I'm blunt but how real is that? you want that feelin' back?\nThen you should know\n\nChorus:\nI still got it for ya x6\nAnd even though we let it go, it's better that you know\nI still got it for ya x6\nAnd even though we let it go, it's better that you know I still", "image": "https://images.genius.com/22999a3378819809ee4848f7c60a744c.1000x1000x1.jpg"}], "artist": "Drake"}