{"songs": [{"title": "Where to Now", "album": "Comeback Season", "year": "2007-09-01", "lyrics": "[Intro: Drake talking]\n(Ok, there comes a time) when you gotta be like, you know\nI've come this far on my own, done a lot for myself\nWhere to now you know\nBut I just, I just tell myself this one thing\n\n[Verse: Drake]\nIt was worth it, it was all worth it\nAnd by this time I understand that I ain't perfect\nThere ain't a pair of Louis shoes I ain't purchased\nAnd I was on some shit but they served they purpose\nAnd I got verses, I got verses\nMy 16s should be arriving in hearses\nThey get bodied, you see how I murk this\nI switch flows much as my girl switch purses\nYeah heartbreak Drake I'll put it on your wife\nIf I put it in a verse then I put it on my life\nLiquor that's over ice and denim that's overpriced\nAnd tryna' make all my goals for the future come overnight\nGod-god-god-god damn how time soars\nI'm tryna get that house in Toronto with pine floors\nCome over watch a season of Flight of the Concords\nAnd I try to put some lotion all over your contours\nBut uh, tell me you surfin' let me know you on board\nYou can't seal up the bottle once all of the Dom's poured\nYes I swear to God girl I put it on Lord\nI'm tryna show you life through the tint on these Tom Ford's\nEthiopian girl Ethiopian girl\nWith yo' long curly hair and yo' big ass bootay\nReading all them pro black pro female books\nJust let 'em let 'em know that you ain't no groupie\nYou need a prescription a vision correction\nI'm young and successful, I'm living perfection\nAnd mayne if '09 is when I'mma see mine\nBeing cool ain't enough homie I'mma freeze time\nLike that", "image": "https://images.genius.com/866a4a7df935705e834f236499d617c6.1000x1000x1.jpg"}], "artist": "Drake"}