{"songs": [{"title": "Sneakin\u2019", "album": null, "year": "2016-10-23", "lyrics": "[Intro: Drake & Skooly]\nYeah\nWe got London On Da Track\n\n[Verse 1: Drake]\nThis is all God's doin', man, you can't plan it\nBut if the devil's in the details, then I'm Satanic\n'Bout to take over your city and you can't stand it\nMy accountant say you sinkin' like the Titanic\nDavid Blaine last summer, man, you had to vanish\nI get the hits like somebody pitchin' underhanded\nGot my Spanish ting convinced that I know Spanish\nReally, when she get to talkin', I don't understand it\nYou ain't own it right away, you had to wait on niggas\nMan, I'm only twenty-nine, have some patience with us\nPlus I never met nobody from my label, nigga\nI just pop up with the music then they pay a nigga, yeah\n\n[Refrain: Drake]\nShit ain't been the same like before\nI still love it but I used to love it more\nFaceTime with my shawty on tour\nAnd she textin' purple hearts 'cause she know that we at war, yuh\n\n[Chorus: Drake & 21 Savage]\nNiggas keep reachin' and dissin'\nCan't afford mistakes, not on this end\nMake me call my bros for assistance\nYou gon' make me call my bros for assistance\nNiggas keep reachin' and dissin'\nPut me in a fucked-up position (yah)\nYou gon' make me call my bros for assistance (21)\nMake me call my bro (21, uh)\n\n[Verse 2: 21 Savage]\nBaby, I'm a savage, I ain't romantic\nWhen I come around, these rapper niggas start to panic\nAnd they pockets goin' under like the Titanic\nGot some head last night and it was outstandin'\nThey was hatin' on me then and they hatin' now (hatin' now)\nShe was playin' with me then but she waitin' now (21, 21)\nUsed to sleep inside a den, I got acres now (mansion)\nI was fightin' niggas then but I'm sprayin' now (blastin')\nI don't pay no mind to no sneak diss (nope)\nI won't spend a dime on a freak bitch (broke)\nNiggas takin' cheap shots on some cheap shit (21)\nThey the type to stand in line for some free shit (broke bitch)\nBaby girl gon' suck it till her jaws locked (suck it up)\nShe gon' make me put my bitch on call block (fuckin' up)\nWe the ones poppin', we the ones shoppin' (21)\nWe the one droppin' niggas, we the ones (we the ones)\nThey the ones duckin' when them heaters come (21, 21)\nYou that nigga snitchin' on your people, huh? (Shh)\n21 Savage a.k.a. The Reaper, huh (21)\nPussy niggas gettin' shot for all that reachin', huh (ya dig?)\n\n[Chorus: Drake & 21 Savage]\nNiggas keep reachin' and dissin' (shut the fuck up)\nCan't afford mistakes, not on this end (count the fuck up)\nMake me call my bros for assistance (21)\nYou gon' make me call my bros for assistance (bros)\nNiggas keep reachin' and dissin' (hol' up)\nPut me in a fucked-up position (21)\nMake me call my bros for assistance\nMake me call my bro, don't\n\n[Verse 3: Drake]\nI don't need love, I'm the GOAT, I just hit the beat and float\nAnd I'm sellin' out arenas but you puttin' on a show\nI been tryna change life around for everyone I know\n'Cause if I don't share the wealth\nThen how the fuck we supposed to grow?\nMom's stressed, there's a lot of things we need\nChain smokin' in the house, it's hard to breathe\nI used to have to hit my Ts with Febreze\nJordan pull up in the TL, now I'm cheese\nI'ma turn this TSX into a Benz soon\nI'ma see a lot of blessin's for my friends soon\nHunnid-fifty-inch screen in my bedroom\n6'1\", man, a nigga need some leg room\n\n[Refrain: Drake]\nShit ain't been the same like before\nThey ain't even wanna look up at the score\nFaceTime with my shawty on tour\nAnd she textin' purple hearts 'cause she know that we at war, yuh\n\n[Chorus: Drake]\nNiggas keep reachin' and dissin'\nCan't afford mistakes, not on this end\nMake me call my bros for assistance\nYou gon' make me call my bros for assistance\nNiggas keep reachin' and dissin'\nPut me in a fucked-up position\nMake me call my bros for assistance\nMake me call my bro, don't", "image": "https://images.genius.com/81118b1faf9c7377180039e385a15543.597x597x1.jpg"}], "artist": "Drake"}