{"songs": [{"title": "Deceiving", "album": null, "year": null, "lyrics": "[Drake: talking]\nI don't even need a note pad for this one right here man\nShut the lights off\nLet the mind work ya know\nI like to ummm\nI like to take the time to dedicate this to a special somebody\nYes I call her my most recent addition to my collection to female disappointments\n\n[Verse 1:]\nDeceiving you are the reason that\nI don't believe in finding the love that I need and\nI'm Uncle Phil I switch wifey like every season\nSo I guess that makes you aunt Viv\nUntil you take from me till the point that you can't give\nAnd when I see you out I pass by it's offensive\nBut what you expect though\nKinda direct yo\nCause all that Dolce and Gabana shit was expensive\nI told ya\nMr. Edwards I tried to save your daughter\nBut she wasn't satisfied with none of the things that I bought her\nAnd wasn't tryna show up none of the places that I brought her\nAnd couldn't utilize none of the things that I taught her\nSo I was just tryna upgrade you\nI ain't ya understudy thats tryna upstage you\nI was ya other buddy that tried to front page you\nCrown you\nGet to know the people that surround you\nFunny to think that I woulda white gowned you\nCause Now we sit around the studio and clown you\nOops did I let that slip\nOh my bad did I let that slip\nI can't forget that quick\n\n[Hook:]\nDeceiving (you you you you deceiving)\nDeceiving (you you you you are so deceiving)\n\n[Verse 2:]\nDeceiving you are the reason that\nWhen it gets cold in November seems like it's freezing\nAnd I fit every stereotype that y'all believe in\nCause when I say I'm serious you claim you're only teasin\nI planned a trip to the tropics that you missed\nSo when I'm speakin you only in topic when I'm pissed\nAnd in a couple years I guarantee you'll be thirsty\nAnd by then I'll be lookin like Tropicana twist\nWhat up Tessa I love you like my own mama\nAnd ya daughters getting grown mama\nAnd me I'm just here workin' waitin' patient\nFor her to be ready for to love and leave her drama\nCause I don't really wanna fight no more\nAnd I don't wanna diss niggas when I write no more\nAnd I don't wanna bring chicks to the crib\nTo watch a flick in the basement on the bed with dim lights no more\nNow I'm losing a feeling\nYou losing appealing\nYou need to step it up like prints from shoes on the ceiling\nOh damn did I let that slip oh my fault did I let that slip\nI can't forget that quick\n\n[Hook:]\nDeceiving (you you you you deceiving)\nDeceiving (you you you you are so deceiving)\n\n[Verse 3:]\nMy first reaction was damn girl\nHow did I swing you?\nI wanted you forever now I'm something you cling to\nBut you was my angel, Seems like ya wings grew\nUnaware you was outta state doin' ya thing too\nSayin' to my self you deceiving\nYou are the reason that I don't believe in finding the love that I need\nIn fact I know you always be lyin' when u be leavin'\nGoin' to visit family promise me you ain't cheatin'\nA sure thing just might fail you\nWomen often conduct themselves just like males do\nThey huddle in a group and joke about the fact that you a soft nigga\nHow you think cuddling with is cute\nThey laugh at how you think you last when you really don't\nAnd make u think u get the ass when you really won't\nAnd dudes do that and why these hoes stealin' it\nThey doin the same shit with a better job at concealin' it\nSo sign your name on a prenupt and then initial\nShe only messin with a rapper if it's beneficial\nOpps did I let that slip oh my bad did I let that slip\nI can't forget that quick\n\n[Hook:]\nDeceiving (you you you you deceiving)\nDeceiving (you you you you are so deceiving)\n\n[Drake: talking]\nFeel like uh\nI feel like we back man (yeah)\nIt's like See, see the problem with these other brothers is that they makin love songs\nWe makin beyond and above songs you know what I'm sayin\nWe sayin real stuff we not bitter it's life you know\nIf ya'll females would pull it together\nMaybe we would have something better to talk about", "image": "https://images.genius.com/22999a3378819809ee4848f7c60a744c.1000x1000x1.jpg"}], "artist": "Drake"}