{"songs": [{"title": "Take Your Girl", "album": "Heartbreak Drake", "year": "2009-12-15", "lyrics": "[Hook 1: Lil Wayne]\nNow shawty got a man, but I got a plan\nLook, homie, I ain't trying to force your hand\nBut I'ma take your girl\nI'ma take your girl\n\n[Hook 2: Drake]\nAnd I can tell you, she wants me She wants me, she wants me, she wants me And yes I want her too I'ma take your girl\n\n[Verse 1: Drake]\nI swear to you every time I sees her, I seizure\nKeep running through my mind, jog my memories; amnesia\nTouch ya, tease ya, nervous?\nDon't freeze up She let me take control, I run a woman like a Visa\nShe always run back to me saying he's a Dog off the leash, he got this other girl Alicia\nShe tell me she's in hell, I tell her take a breather\nI'm nothing like your man, but I can't love you neither\nIt's wifey over bitches\nBut money's over her Cause money's under nothing\nMy life is such a blur\nIt's not the way it has to go, it' just what I prefer\nAnd any Young Money nigga I know would concur\nWeezy talk to 'em!\n\n[Interlude: Lil Wayne]\nAnd she wants me, she wants me yeah\nAnd I want her too, yeah! I want her too\n\n[Verse 2: Lil Wayne]\nI'm talkin' 'bout shawty got something about her\nShawty got this thing about her\nShawty got that thing that make you wannna wrap a ring around her\nWanna rap and sing about her\nSo thats what I does, shit that's what it was\nThey rub my back in the tub it was me\nYeah, we all buddies\nAnd shawty gots a husband, and everyone knows bout him But, Fuck him\n\n[Hook 2: Lil Wayne]\nAnd I can tell you, she wants me\nShe wants me, she wants me, she wants me\nAnd yes I want her too\nI'ma take your girl\n\n[Hook 1: Drake]\nShawty got a man, but I got a plan\nListen, homie, I ain't trying to force your hand\nBut I'ma take your girl\nI'ma take your girl\n\n[Bridge: Drake]\nAnd her girls and they girls\nComin' with me yeah, talkin' one on three yeah\nThey ain't playin no D yeah\nThats cause they playin for me yeah\n\n[Verse 3: Kid-Kid]\nJust as long as we know whats good on both ends\nI'm loving ya like I'm ya man though we just friends\nIf ya shy come see me for ya comfortin' I got a comfortable suite at the Comfort Inn\nI tell her\nI don't own a boat baby but I can float\nAnd I don't own a plane but there's a mary jane and we can float\nYour man ain't worrying about what's going on over here\nYou could get penalized the way you blowin' below the rear\nNow this game like a analog I don't sweat cause it show how fake you are\nShe stressin', ya she testin' ya, she just tryin' to see what kinda level ya on\nYou don't make it bounce like a basketball, you ain't even get no ass at all\nNow you sittin at the club trying to laugh it off, she done found her mid glam boy\nYou messin up, you messed up, wasn't easy to clean your Mess up\nShe found me and I blessed her, I applied to her pressure\nShe call me a professor, I went gave her her lecture\nI bet she says I'm better, than her man was ever\n\n[Hook 1: Drake]\nShawty got a man, but I got a plan\nLook, homie, I ain't trying to force your hand\nBut I'ma take your girl\nI'ma take your girl\n\n[Hook 2: Lil Wayne] (x2)\nAnd I can tell you, she wants me\nShe wants me, she wants me, she wants me\nAnd yes I want her too\nI'ma take your girl", "image": "https://images.genius.com/405c9bcb0dcbee7d15bcc86cd8e8366a.500x500x1.jpg"}], "artist": "Drake"}