{"songs": [{"title": "Now & Forever", "album": "If You\u2019re Reading This It\u2019s Too Late", "year": "2015-02-13", "lyrics": "[Produced by Jimmy Johnson & Eric Dingus]\n\n[Bridge 1]\nIt's over, it's over, yeah, I'm leaving, I'm gone\nI can't stay here no more, and I can't sleep on the floor\nMan, I'm leaving, I'm leaving, you know I got my reasons\nYeah, I'm leaving, yeah, I'm leaving, yeah, I'm leaving, I'm gone\nI'm leaving, I'm gone, had to knock down the wall\nYeah, I swear to God that I'm gone, I'm leaving, I'm leaving\nNo looking back when I'm gone, no looking back when I'm gone\nNo more, no more, no more, no more, no more\n\n[Chorus]\nNo more, no more, no more\nNo more, no more, no more\nNo more, no more, no more\nNo more, no more\n\n[Verse 1]\nIt's over, it's over, yeah, I'm leaving, I'm gone\nI've been doing this wrong, I've been here for too long\nI'm leaving, I'm leaving, you know I got my reasons\nYeah, I'm leaving, I'm leaving, I'm leaving, I'm gone\nI'm leaving, I'm gone\nI don't wanna miss the boat, I don't wanna sit in coach\nI don't wanna sit at home, I gotta get where I'm going\nI'm afraid that I'ma die before I get where I'm going\nI know I'ma be alone, I know I'm out on my own\nI just gotta hit the road, I just gotta know the road\nI just gotta hit the road, I just gotta know the road\nI just gotta know the road\n\n[Bridge 2]\nSomething to say, then say that then\nI just been out and bad from way back when\nI can't be out here on no laid back shit\nI can't be out here on no laid back shit\nYou got something to say, then say that then\nI just been out and bad from way back when\nI gotta get on the road, I gotta get on the road\nI ain't looking back no more, no, no, no\nNo more, no more, no more\n\n[Chorus]\nNo more, no more, no more\nNo more, no more, no more\nNo more, no more, no more\nNo more, no more\n\n[Verse 2]\nI gotta go out and get it, want you to know what I did\nWant you to know how it went\nThat's why I keep telling you over and over again\nJust let me go\nJust let me go, let me bring it home to you\nJust let me go, let me bring it home to you\nNow and forever, I'll bring it home to you\nJust let me go, let me bring it home\nLet me go, let me bring it home to you\nLet me go, let me bring it home to you\nLet me go, let me bring it home\nNow and forever, I'll bring it home to you\nLet me go, let me bring it home to you\nLet me go, let me bring it home to you\nNow and forever, I'll bring it home\nNow and forever, I'll bring it home", "image": "https://images.genius.com/bcf01db777c6e5c46eddb1031a2008d1.1000x1000x1.jpg"}], "artist": "Drake"}