{"songs": [{"title": "Zone", "album": null, "year": null, "lyrics": "[Drake]\nAlright, well alright\nI say I do it for the love\nBunk bed flow, always one level above\nIf I\u2019m in ya starting five you will never need a sub\nAnd I\u2019m neva looking down so I always know wassup\nA picture won't do me Justice League in this bitch\nI\u2019ma do me trust this\nPatience little label nigga you won't rush this\nI got the hammer money sweetie you can\u2019t touch this\nI got a revolutionary flow in every scenario\nComing through ya stereo\nPlus my girlfriend booty round like the merry go\nBitches like where he at, they be like there he go\nAnd this verse deserve a burial\nDon\u2019t cry for me this ain\u2019t motha fucking Mario\nYeah, and Polow isn\u2019t at my session\nMr Anticipation Ima keep you niggas guessing like\n\n[Hook]\nOk ok I\u2019m grown, Im grown\nParty at my house but I\u2019m home alone\nDoing every single thing my momma wouldn\u2019t condone\nCounting everything I own in my muthaf-cking ZONE\n\nI\u2019m up too high somebody come get me down down down down\nSaid I\u2019m up too high somebody get me down down down down\n\n[Drake - Verse 2]\nLook, my ex girl said she done dating black guys\nShe shoulda listened when her white friends advised\nNot me I make your battle ships capsize\nGet soaked get wet get baptized\nI got the full package a nigga complete\nI get bread and eat tracks like lunch meat\nSue me and Ima put you on front street\nProbably get your records pushed back like front seats\nI\u2019m much more then you fathom he would be\nAnd ain't too many niggas that I\u2019d rather be than me\nI guarantee the women getting at him would agree\nThat he should go ahead and put a patent on his g\nAnd I swear these niggas gassed up even though the price is high\nI could own half as much clothing and be twice as fly\nYou know my coupe sit super low\nTop slipped off like Janet at the superbowl\n\n[Hook]\nOk ok I\u2019m grown, Im grown\nParty at my house but I\u2019m home alone\nDoing every single thing my momma wouldn\u2019t condone\nCounting everything I own in my muthaf-cking ZONE\n[End]", "image": "https://images.genius.com/22999a3378819809ee4848f7c60a744c.1000x1000x1.jpg"}], "artist": "Drake"}