{"songs": [{"title": "Underdog", "album": "Comeback Season", "year": "2007-09-01", "lyrics": "[Intro: Trey Songz]\nYeah Man (Aye)\nYou already know what it is (Aye)\nTrey called Trigga (Aye)\nAye man (Aye)\nShow them why you rappin' homie (Aye)\nLook\n\n[Hook: Drake & Trey Songz]\nI ain't never been nothin' but a underdog\nAnd I ain't gonna never let a nigga hold me under dog\nStill ride in the drop\nWith my mind on the knot\nYou niggas never take what I got\nFor my underdog\n\n[Verse 1: Trey Songz]\nJust copped new shoes\nWhip on two two's\nDick down you two\nThrow it on YouTube\nTell me what you'd do\nIf I was to do you\nBaby after one time\nSure to make you come back\nBack like spinal, stack like dominoes\nCatch me out in Mexico\nHasta ma\u00f1ana though, hasta la vista\nChest full of reefer\nRep for my set till the day I meet the Reaper\nPetersburg veteran\nUSA resident\nIn USA Today it ain't a city I ain't never been\nScared I ain't never been\nYea I ain't never been\nNothing but a underdog\nBut I'm never under ya'll\nStill keep it under there\nRight by the underwear\nStill in the hood yeah\nI ain't talking outerwear\nThey be moving powder there\nWhich one of you out of there\nWanna get it\nCause I'm with it\nFuck ya'll, the underdog\n\n[Hook: Drake & Trey Songz]\nI ain't never been nothin' but a underdog\nAnd I ain't gonna never let a nigga hold me under dog\nStill ride in the drop\nWith my mind on the knot\nYou niggas never take what I got\nFor my underdog\n\n[Verse 2: Drake]\nSaid I got my city buzzin\nYou should take a trip and view it\nShout out to Mr.Rogers\nCuz he's supposed to chop and screw it\nAnd my liscense just expired\nSo I got to go renew it\nCuz I just bought a truck\nAnd I am dying to debut it\nAnd naw it ain't a Buick\nI never rendezvous it\nI'm just in the 'Burg with Trigga\nAnd I'm faded off the fluid\nI made alot of money\nThen I went ahead and blew it\nNow I'm trying to make it back\nSo how the fuck you wanna do it\nMy nigga you better do it(Aye)...do it\nI would say this here's a practice song\nAnd lately I been out in Hollywood\nJust acting wrong\nWhat up to Jackie Long\nI fuck with Jackie Long\nI clown other dudes on the low\nI like to laugh alone\nI get my cash alone\nThat's why I shop alone\nThis here's my uncle's car\nI drop it and the top is gone\nYour skin looks like you bathe in magnesia and coppertone\nAnd girl I heard your man a fed, don't bring that cop along\nI'm running every single light\nAin't one I'm stopping on\nThis here's a classic jump\nThat big things are popping on\nSo baby wipe me down\nI sell a watch and swap a home\nI'm in this solo\nNo I do not have a chaperone\nI'm in a proper zone\nThat's right the doctor's home\nThis here's my time\nAnd I don't even think your clock is on\nI am a trader\nAnd I'm telling you my stock is grown\nI run my city, got 'em open like the lock is gone\nKeys out, I ain't talking white though\nBaby what you be's 'bout\nI mean for tonight hoe\nIf I break them trees out\nPull them Double D's out\nSo I can J Holiday that ass\nBefore I leave's out\nHolla at me shawty\n\n[Hook: Drake & Trey Songz]\nI ain't never been nothin' but a underdog\nAnd I ain't gonna never let a nigga hold me under dog\nStill ride in the drop\nWith my mind on the knot\nYou niggas never take what I got\nFor my underdog", "image": "https://images.genius.com/866a4a7df935705e834f236499d617c6.1000x1000x1.jpg"}], "artist": "Drake"}