{"songs": [{"title": "Lust For Life", "album": "So Far Gone", "year": "2009-02-13", "lyrics": "[Verse]\nI'm tryna do it all tonight, I got plans\nI got a certain lust for life and as it stands\nEverything is going as right as it can\nThey tryna shoot down my flight before it lands, before it lands\nBut you could miss me with all that\nDiss me, then crawl back\nI really wish y'all would fall back\nBut gettin' rich s'posed to solve that\nAnd these days, women make offers\nAnd who the hell am I to say (No, no, no)?\nMy ex sendin' late night texts\n'Cause she don't know how to let (Go, go, go)\nUh, she in love\nAnd as for them pretty light-skinned models\nStandin' in the cold, ah, yeah, they with us\nLet them girls in for a drink and I'm all in they ear\nSayin' she should be the one I see every time that I'm here\nBut when am I really even here?\nBlack Suburban with the tint on it\nFresher than a pillow with a mint on it\nThe game got these old handprints on it\nBut I'mma be the one to pour cement on it\nUh, and start over\nAnd show up in a Margiela tux, I don't really give a fuck\nAnd we only gettin' older\nSo what I tend to do is to think of today as the past\nIt's funny when you comin' in first, but you hope that you last\nYou just hope that it last\n\n[Outro]\nThrow your ones up in the air\nThrow your ones up in the air for her, oh-oh\nThrow your ones up in the air\nThrow your ones up", "image": "https://images.genius.com/83ad0a4cdf492e299e507a370ad173a4.1000x1000x1.jpg"}], "artist": "Drake"}