{"songs": [{"title": "Thrill Is Gone", "album": "Room for Improvement", "year": "2006-02-14", "lyrics": "Love's lost\nLove's gone\nLove lost\nLove is gone\n\nLook\nIn this world of desperate housewives and freakin players\nRappers they tend to be smilin'\nBecause they swimmin' in women\nMost of em seeking favors\nThey come in secret flavors\nThat's why I envy Omar\nBecause so far I'm nowhere close to Malik and Deja\nAnd that's some higher learning\nTrying to excel with the brake on\nI'll have you stuck in the same spot\nWith the tires burnin'\nAnd I'm a liar turnin' 19, jaded with no faith\nIn any female that's askin what I was earnin\nI met this recent lady\nShe knew a piece of Sadie by Spinners\nI guess in my southern eyes that she decent maybe\nWell second thought if we have it then she can keep the baby\nCause she ain't give me the butterflies that Aleshia gave me\nIt's like I'm using some bread to sop up some decent gravy\nNow I'm out of both and I've been thinkin' of Alisha lately\nI'm all alone, I got a feelin it's on\nCause nowadays most of the thrill of chillin' is gone and uh\n\nLove's lost\nLove's gone\nLove lost\nLove is gone\n\nSome dudes they turn purple with hurt faces\nCircling workplaces\nAnd following girls on the assumptions of what the worst case is\nThey get to first bases\nThen they get to retreating cause if she cheatin'\nHe wanna know what the first trace is\nNow you like Macgyver\nCause you sneakin' around\nAnd she don't know that you there when you standin' right beside her\nI can relate to that\nI had to take it back a couple a years\nWhen some of the best kicked it with Drake in fact\nI bet that they knew it cause in my mind I play through it with\nAnd in the end I listen but I don't see me as they do\nCause it's my opinion, my life, my potentials for my wife\nAnd I used to be eager to buy em the world\nMaybe I'm confused about what I desire from girls\nEither way I'm all alone, got a feelin' it's on\nCause nowadays most of the thrill of just chillin' is gone and uh\n\nLove's lost\nLove's gone\nLove lost\nLove is gone\n\nCheck\nAnd nowadays some girls are the type of person that\nWill tell they friends that they use him which is confusing\nSince I ain't made them a purchase yet\nBut there's logic behind it\nEmotions double and they try to cover up\nLike a mansion with the projects behind it\nI tend to freak with this\nI get a girl and pretend that I love the spending\nAnd all she gave was a decent kiss\nThinking she been spoiled\nBut golddiggin' is nothing when you can shovel for days\nAnd come up with tin foil\nWe could dissect it see\nYou take a Dominique or another freak in the sheets\nAnd you picture that she just slept with me for nothing\nGave her nothing\nHer reputation's in jeopardy\nCause it ain't take a spree of that shopping to get her next to me\nCollectively I look for a proper chick that'll rep for me\nInstead of seeing something she wants and calling and texting me\nFor thinking that exists, I got a feeling I'm wrong\nNowadays most of the thrill of just chillin is gone and uh\n\nLove's lost\nLove's gone\nLove lost\nLove is gone", "image": "https://images.genius.com/c85f36c02060316fcec1ed423c60f0da.1000x1000x1.jpg"}], "artist": "Drake"}