{"songs": [{"title": "Find Your Love", "album": "Thank Me Later", "year": "2010-05-05", "lyrics": "[Verse 1]\nI'm more than just an option (Hey, hey, hey)\nRefuse to be forgotten (Hey, hey, hey)\nI took a chance with my heart, (Hey, hey, hey)\nAnd I feel it taking over\n\n[Chorus]\nI better find your loving, I better find your heart\nI better find your loving, I better find your heart\nI better find your loving, I better find your heart\nI bet if I give all my love then nothing's gonna tear us apart\n\n[Verse 2]\nI'm more than just a number (Hey, hey, hey)\nI doubt you'll find another (Hey, hey, hey)\nSo every single summer (Hey, hey, hey)\nI'll be the one that you'll remember and\u2014\n\n[Chorus]\nI better find your loving, I better find your heart\nI better find your loving, I better find your heart\nI better find your loving, I better find your heart\nI bet if I give all my love then nothing's gonna tear us apart\n\n[Verse 3]\nIt's more than just a mission (Hey, hey, hey)\nYou hear, but you don't listen (Hey, hey, hey)\nYou better pay attention (Hey, hey, hey)\nAnd get what you've been missing\n\n[Chorus]\nI better find your loving, I better find your heart\nI better find your loving, I better find your heart\nI better find your loving, I better find your heart\nI bet if I give all my love then nothing's gonna tear us apart\n\n[Bridge]\nToo many times I've been wrong\nI guess being right takes too long\nI'm done waiting, there's nothing left to do\nBut give all I have to you and\n\n[Chorus]\nI better find your loving, I better find your heart\nI better find your loving, I better find your heart\nI better find your loving, I better find your heart\nI bet if I give all my love then nothing's gonna tear us apart\nI bet if I give all my love then nothing's gonna tear us apart", "image": "https://images.genius.com/5d8738ca6f20766bad24f764e7280700.600x600x1.jpg"}], "artist": "Drake"}