{"songs": [{"title": "Drake\u2019s Voice Mail Box #1", "album": "Room for Improvement", "year": "2006-02-14", "lyrics": "[Message 1]\nJermaine [?] from [?]. The man, Drake, puts it the fuck down. He\u2019s doing his thing. He\u2019s got the hottest mixtape on the streets. It\u2019s early, it\u2019s nasty. He\u2019s putting it the fuck down, you know what I\u2019m sayin'? Listen to that shit. Do your thing, aiiight?\n\n[Message 2]\nYo, yo, yo. This is your boy, Christopher [?], that\u2019s right, [?], chilling with my main man, Drake. [?] off-the-hook from this tape. You know how we get down. That\u2019s how we do it, the real house party, baby. Let\u2019s go, let\u2019s go, let\u2019s go!\n\n[Message 3]\nYo, nigga. What\u2019s up? This is Glenn Lewis, man. Had to holla at my boy, Drake: the incomparable, illustrious, lyrical genius hailing from the one and only Toronto, Up-North. Throwed niggas pay attention, how my nigga get down. Drake, let \u2018em have it man. \u201806, you know how we doing it this year. We doing it big, man. We 'bout to set this whole country on fire, 'bout to put this place on the map. Let\u2019s get it", "image": "https://images.genius.com/c85f36c02060316fcec1ed423c60f0da.1000x1000x1.jpg"}], "artist": "Drake"}