{"songs": [{"title": "Cameras", "album": "Take Care", "year": "2011-11-15", "lyrics": "[Produced by Noah \"40\" Shebib]\n\n[Verse 1]\nWord on road is the clique about to blow\nYou ain't gotta run and tell nobody they already know\nWe've been living on a high, they've been talking on the low\nBut it's cool, know you heard it all before\n\n[Hook]\nThat's why I asked you how you mean, how you mean\nThought you knew about the team, (ay)\nThat's why I asked you how you mean, how you mean\nThought you knew about the team, (ay)\n\n[Verse 2]\nHow you mean, how you mean, what you know about the team\nMan these niggas need to stop it they be crowding up the scene\nBaby girl you need to stop it -- all that pride and self esteem\nGot you angry about this girl I'm with in all them magazines\nBaby she look like a star, but only on camera\nOnly on camera, only on camera\nIt look like we in love, but only on camera\nOnly on camera, only on camera\nDon't listen to the lies, I swear they all lies\nYou know I could be your knight in shining Armor All tires\nTrying to tell you I'm the one, come and holla at me\nBefore I'm on the next ting, YMCMB (ah)\n\n[Bridge]\nOoh finally got you right here\nTonight I\u2019ll ease your mind\nThat\u2019s why I\u2019m calling on you\nAnd ooh soft your loves desire\nIt\u2019s hard to stay away\nYou keep me calling on you\n\n[Hook]\nThat's why I asked you how you mean, how you mean\nThought you knew about the team, (ay)\nThat's why I asked you how you mean, how you mean\nThought you knew about the team, (ay)\n\n[Verse 3]\nHow you mean, how you mean, what you know about the team\nYou just know what you get told girl I see behind the scene\nShe spilled whiskey on her shirt, she gonna have to get it cleaned\nShe been going way too hard, someone has to intervene\nBaby she look like a star, but only on camera\nOnly on camera, only on camera\nIt might look like I care, but only on camera\nOnly on camera, only on camera\nDon't listen to the lies, I swear they all lies\nYou know I could be your knight in shining armor all tires\nGirl, they love me like I'm Prince, like the new king with the crown\nBunch of underground kings, thought you knew how we get down (ah)\n\n[Bridge]\nOoh finally got you right here\nTonight I\u2019ll ease your mind\nThat\u2019s why I\u2019m calling on you\nAnd ooh soft your loves desire\nIt\u2019s hard to stay away\nYou keep me calling on you\n\n[Outro]\nHow you mean, how you mean, thought you knew about the team (ay)\nHow you mean, how you mean, thought you knew about the team (ay)\n\nJust mail me my ring back, can't keep that shit.", "image": "https://images.genius.com/a50b0608affc94c4dae3d502a65ea390.1000x1000x1.jpg"}], "artist": "Drake"}