{"songs": [{"title": "Don\u2019t Run*", "album": null, "year": null, "lyrics": "Full lyrics will be available upon release, stay tuned!\n[Chorus]\nShe wanna come to the 6 side\nShe know that's the best side\nCaribana, soca dancer, Machel Montano\nBlack red bandana, oh, a trip planner\nShe know who to check when she come around\nShe know who to check whenever she comes in town\nShe knows what I have to calm her down\nShe knows it's not something to run from now\nDon't run, don't", "image": "https://images.genius.com/22999a3378819809ee4848f7c60a744c.1000x1000x1.jpg"}], "artist": "Drake"}