{"songs": [{"title": "Bollywood Flow", "album": null, "year": "2010-06-10", "lyrics": "Who else really try to mess with Hollywood Cole\nTreating Birmingham like my Hollywood shows\nI'm tryin' to tell you something that you prolly should know\nThis that slumdog millionaire Bollywood flow\nAnd ahh, my real friends never hearing from me\nFake friends write the wrong answers on the mirror for me\nThat's why I pick and choose\nI don't get shit confused\nI'm not with different crews\nWe walk the same paths, but got on different shoes\nWe live in the same building, but we got different views\nI got a couple cars, I never get to lose\nDon't like my women single, I like my chicks in twos\nAnd these days all the girls is down to roll\nWe hit the strip club, and all them girls find a pole\nTell your girl to tell her friend that it's time to go\nTell me today's weather\nI know they say they good but trust me I'm better\nI sound like the coldest Miami night ever\nI'm cold but still hot you can't decide on a sweater\nReally this whatever and I am murdering and this is so amusing\nIf there's a sight to see I am an illusion\nI tell you I'm the man baby, what is the confusion\nAnd if they still sleeping on me someone hit the snooze then\nKeep sleeping while I sell a couple million\nI'm headed for the moon, I ain't bout to hit the ceiling\nI'm about to hit the club, women tell me I'm appealing\nBut fuck what they say, let me tell you how I'm feeling\nI'm drinking, these London street lamps got a real glow\nDrizzy playin' driving fast but it feels slow\nAnd ask your man, he's a hater baby he don't know\nI could kick a punt and turn that shit into a field goal\nThis here was meant to get buried\nI got a lot of things, I mention those barely\nI ain't lyin' to the kids, like the dentist ain't scary\nI'm what Lebron was to St. Vincent-St. Mary's\nBut I ain't playin' high school games\nPulling McClarens through a McDonald's drive through lane\nI'm too fly, keep it hip-hop like Afu Ra\nGirl on that McClaren, you gotta lift the doors\nBlades chopping through the city streets, liquid swords", "image": "https://images.genius.com/22999a3378819809ee4848f7c60a744c.1000x1000x1.jpg"}], "artist": "Drake"}