{"songs": [{"title": "Asthma Team", "album": "Comeback Season", "year": "2007-09-01", "lyrics": "I swear to you Lord\nSame dudes used to laugh at me\nSee me in the CL 6 with Haffa B\nThey know that money begets money so naturally\nMe and Haffa could blow a couple of stacks hassle free\nI'm like fuck y'all haters on behalf on me\nCause I could flood the city with a staff of three\nI'm talking me and two part -ners in that Caprice\nWith no copies made I got the master keys\nAnd fast cars, fast women, fast cash and cream\nCould mould you rappers like plasticine\nI have to dream, but dog\nMe and success are two things you don't wanna find your ass between\n*Back against the wall like a plasma screens*\nThe inside of my wallet is pasture/ past your green\nAnd you are now hanging with the asthma team\nSweetie catch your breath while I smash the scene\nI should leave Earth, nothing left to do here\nEveryday is Christmas and e'ry night is New Year's\nSay whatever, I never been concerned about who hears\nCall my town Sparta and I'm coming with two spears\nI'm telling you dog, always got the spring collection in fall\nI run my bill up making executives calls\nAnd with me, women be building these sceptical walls\nBut once you slept with one dime man, you slept with them all, uhh\nFamily, money, and music is all I ever knew\nMy necklace suffer from depression it's forever blue\nCheer up baby you don't see all this revenue?\nI started the game at level two\nI'm sayin'\nStop acting like teen girls are my only market\nI parallel the Flying +Spur+ +Tony park+ it\nAnd it's cool if you spill suttin it's only carpet\nThat's why I get my interior colour only dark shit\nToronto's where you livin' today\nAnd you ain't making records that people are driven to play\nI would advise you to really make a move, sooner than later\nCause these are only the joints that I'm giving away\nYou feel me?", "image": "https://images.genius.com/866a4a7df935705e834f236499d617c6.1000x1000x1.jpg"}], "artist": "Drake"}