{"songs": [{"title": "November 18th", "album": "So Far Gone", "year": "2009-02-13", "lyrics": "[Sample: Notorious B.I.G]\nIt's the ones that smoke blunts with ya, see ya picture\nNow they wanna grab the guns and come and get ya\nIt's the ones that smoke blunts with ya, see ya picture\nNow they wanna grab the guns and come and get ya\n\n[Intro]\nOne time for the homie DJ Screw\nAlready, I'm feeling throwed in this bitch\n\n[Verse 1]\nUp so high even when I'm coming down\nJust met a girl, say she from the H-Town\nI say my name is Drizzy and ain't nobody realer\nCup inside a cup, smoking Ghostface Killah\nGot these boppas going crazy, nigga I'm, the man\nI sent ya girl a message, said I'll see ya when I can\nShe sent me one back, but I ain't never read it\n'Cause pussy's only pussy and I get it when I need it\n\n[Verse 2]\nAnd I'm telling you, I'm as cold as windows down in the winter\nAnd I be riding rims if my tires any thinner\nAirport stunting, flying charters overseas\nFull of Dom Perignon and the water for the D's\nDon't know why it happens, everytime we alone\nBut here we are again and I swear I'm in my zone\nSo I'ma sip this drank until that muhfucka gone\nAnd you gon' get undressed and we gon' get it on\n\n[Chorus]\nI don't give you the time you deserve from me\nThis is something I know, I know, I know\nSo tonight, I'll just fuck you like we're in Houston\nTaking everything slow, so slow, so slow\nBut I do it to her\n\n[Bridge]\nDraped up, dripped out, know what I'm talking 'bout\n3 in the morning, get it popping in the parking lot\nIt's on once again and I never pretend\nA nigga staying G 'til the end\n\n[Outro]\nAyy, yeah\nI swear like everytime we find ourself in this situation, you know\nI just get that feeling like I'm in Houston\nCandy paint switching colors in the light\nIt's about like 11 PM and you just rolling through the city\nBumping that Screw, Big Moe, UGK, Lil' Keke\nIt feel like, like everything's just moving slow\nLet's take my time, I pace it baby, yeah, I'm gone", "image": "https://images.genius.com/83ad0a4cdf492e299e507a370ad173a4.1000x1000x1.jpg"}], "artist": "Drake"}