{"songs": [{"title": "More Ready", "album": null, "year": "2017-06-30", "lyrics": "[Verse 1: Drake]\nI got a triple king bed and I don't mind sharing\nI got a big G-Wagon and I don't mind sharing\nWe can get wild like Olivia, we can get stoned like Sharon\nWrote \"Take Care\" but they push me to the point where I'm just not caring\nI'm just more ready than petty nowadays\nYoung and in control, even when they stoop low\nI see anything is anything and everything's a go\nBut I already know that\nI'm just more ready than petty nowadays, just know\nYoung and in control, even when they stoop low\nI see anything is anything, I'm watching y'all close\n\n[Hook: Drake]\nI got a triple king bed and I don't mind sharing\nI got a big G-Wagon and I don't mind sharing\nWe can get wild like Olivia, we can get stoned like Sharon\nWrote \"Take Care\" but they push me to the point where I'm just not caring\nI'm just more ready than petty nowadays\nI'm just more ready than petty nowadays, just know\nI'm just more ready than petty nowadays\nI'm just more ready than petty nowadays, just know\nI'm just more ready than...\n\n[Verse 2: D\u2019African]\nYou\nSaid you were done with me, fine with me I\u2019m on the loose\nNow I can do what I want, I can fuck who I choose\nNot looking for love, that shit hurt, last time you left a bruise\nRiding by myself blowing smoke in the wind while I cruise\nRiding by myself, yeah\nI\u2019m better by myself, yeah\nI feel like being alone\nBut when I\u2019m by myself, yeah\nYou pop up in my head, yeah\nThat\u2019s when you see the text pop up on your cell like\nCome throught, come throught\n\n[Hook: Drake]\nI got a triple king bed and I don't mind sharing\nI got a big G-Wagon and I don't mind sharing\nWe can get wild like Olivia, we can get stoned like Sharon\nWrote \"Take Care\" but they push me to the point where I'm just not caring\nI'm just more ready than petty nowadays\nI'm just more ready than petty nowadays, just know\nI'm just more ready than petty nowadays\nI'm just more ready than petty nowadays, just know\nI'm just more ready than...\n\n[Bridge: D\u2019African]\nYou\nSaid you were done with me, fine with me I\u2019m on the loose\nNow I can do what I want, I can fuck who I choose\nNot looking for love, that shit hurt, last time you left a bruise\nRiding by myself, blowing smoke in the wind while I\n\n[Verse 3: PartyNextDoor]\nI'm flickin' my wrist like I'm a fisher\nDiamonds on my chest like a bishop\nAnd these lines right here ain't no pickup\nThese lines right here gon' really, really make you fuck\nThese lines really gonna make you numb like Chuck\nThis time is your time\nI need to know if you're down\n'Cause if not, I know there's more around\nThere's always more...\n\n[Hook: Drake]\nYeah\nI got a triple king bed and I don't mind sharing\nI got a big G-Wagon and I don't mind sharing\nWe can get wild like Olivia, we can get stoned like Sharon\nWrote \"Take Care\" but they push me to the point where I'm just not caring\nI'm just more ready than petty nowadays\nI'm just more ready than petty nowadays, just know\nI'm just more ready than petty nowadays\nI'm just more ready than petty nowadays, just know\nI'm just more ready than...\n\n[Bridge: D\u2019African]\nYou\nSaid you were done with me, fine with me I\u2019m on the loose\nNow I can do what I want, I can fuck who I choose\nNot looking for love, that shit hurt, last time you left a bruise\nRiding by myself, blowing smoke in the wind while I cruise", "image": "https://images.genius.com/22999a3378819809ee4848f7c60a744c.1000x1000x1.jpg"}], "artist": "Drake"}