{"songs": [{"title": "Wednesday Night Interlude", "album": "If You\u2019re Reading This It\u2019s Too Late", "year": "2015-02-13", "lyrics": "[Produced by Ekali & PARTYNEXTDOOR]\n\n[Verse 1: PARTYNEXTDOOR]\nBeen a minute since we've slept together\nGotta get myself together\nI've been thinkin' about everything\nI don't know if it's because I'm lonely\nLonely on a Wednesday night, girl, I'm lonely\nI'll admit it if you just keep quiet, girl, I'm lonely\nThat shit ain\u2019t my fault, girl cause I'm lonely\n\n[Hook: PARTYNEXTDOOR]\nName another woman\nAin't no other woman that should comfort me when I\u2019m lonely\nMixing Remy, little bit of Henny\nI'm running on empty, I'm lonely\nWhen I\u2019m lonely, when I\u2019m lonely\n\n[Verse 2: PARTYNEXTDOOR]\nHeard you spent your summers in Miami\nAt somebody\u2019s yacht, that you didn\u2019t buy\nYou\u2019re young, yeah, have fun, girl, but I hope it was worth it\nCause fuck it, I\u2019m not here to judge\nFuck it, I\u2019m not here to love everything you did to ball\nFuck it, I'm just glad you called\nRing ring ring, what a thing\nRing ring ring, school bell, I ring\nYou and I got options, bae\n\n[Hook: PARTYNEXTDOOR]\nBut name another woman\nAin't no other woman that should comfort me when I\u2019m lonely\nMixing Remy, little bit of Henny\nI'm running on empty, I'm lonely\nWhen I\u2019m lonely, when I\u2019m lonely\n\n[Outro: PARTYNEXTDOOR]\nThis shit ain\u2019t my fault", "image": "https://images.genius.com/bcf01db777c6e5c46eddb1031a2008d1.1000x1000x1.jpg"}], "artist": "Drake"}