{"songs": [{"title": "Fire & Desire", "album": "Views", "year": "2016-04-29", "lyrics": "[Intro]\nDedicate, I dedicate the world\nYeah, oh\nI dedicate, I dedicate\nI give you my fortune\nI dedicate, I dedicate\nI dedicate, I dedicate\nI dedicate, I dedicate\nI dedicate, dedicate, dedicate\nI dedicate to you\nI dedicate, I dedicate\nI dedicate, I dedicate, oh yeah\nI dedicate, I dedicate to you\n\n[Verse 1]\nThey throwin' dirt on my old name\nOnly gets worse when you know things\nYou don't see the perks of this whole thing\nBut you get real on a pill and I like it\nYou just like my sidekick, I just wanna wife\nFulfill all your desires\nKeep you in the front, never in the back\nAnd never on the side, yeah\n\n[Chorus 1]\nYou a real ass woman and I like it\nI don't wanna fight it\n\n[Verse 2]\nLook, you know I'm a rider, nothin' left to hide\nYour other nigga tired\nTalk about you like you never leave his side\nBut I don't really buy it\nMe I'm movin' quiet, all the things we're tryin'\nLet's just keep it private (Don't say anything)\nTell me should I cut these other girls right out of my life?\nCause we never decided\nTell me how you feel inside\n\n[Chorus 2]\nYou a real ass woman and I like it, yeah\nDedicate to you\nI need you inspired, I need you excited\nI don't wanna fight it\n\n[Verse 3]\nYeah, I figure out you, you figure out me\nWe both a different breed\nI'm followin' your lead, I ask you what you need\nYou say, \"A guarantee\"\nI mean, you say that like it's easy\nYou never believe me\nTold you I got Zs for these other girls sleepin' on 'em\nGirl, I'm sleepy\nSometimes I'm so indecisive\n\n[Chorus 1]\nBut you a real ass woman and I like it\nI don't wanna fight it\n\n[Outro]\nI give you my fortune\nI dedicate, I dedicate\nI dedicate, I dedicate\nI dedicate, dedicate, dedicate\nI dedicate to you\nI dedicate, I dedicate\nThis song's for you\nI dedicate, I dedicate\nI give you my voice\nThis song's for you", "image": "https://images.genius.com/6f4b9c41ccb18485cccd6aa364ccc3b8.1000x1000x1.jpg"}], "artist": "Drake"}