{"songs": [{"title": "Beautiful Music", "album": null, "year": "2009-01-01", "lyrics": "You can't love, but I bet ya\nYo can't hine yeah\n\n[Verse 1]\nHere we Gooo\nThe 1st time around\nI left the cars at the house\nAnd I put the diamonds down\nThem things come and they go it's bout the rhyme-in Now\nI'm seeing it clearer, the season is nearer\nAnd still I must change, I'm like a broken bill\nConservative for the most but I'm out spoken still\nThey not sure it'll work but their all hoping\nHe'll emerge the victim, my words are pictures\nAnd yes the colors so loud that u heard my scripture\nWith four walls\nGive me the right brush and I draw all\nI promise I been thinkin' before ya'll\nI barely get tired, I'm rarely inspired\nAnd you accomplish in a week is What I'm daily required\nI'm meetin' quotas while you rappers having sleep overs\nSpending nights in studio try to be Hova\nBe in the throne instead of being ya own\nBut look\n\n[Hook:]\nYoung Check your freestyle\nI am fast approachin' on the weekend\nIt's me, Niko, Bryans here, D10\nFreestyle shit bout to segway to the verse here we go\n\n[Verse 2:]\nIt's like I'm makin' moves in my city though\nMy ex girls wanna be up in the video\nThey ex girls are steady tryin' to get with me though\nImportant and vital\nI'm caught in a cycle\nAnd this is all I know\nAnd yes I know it well\nI try to explain\nAnd my effort comes to no avail\nI'm from the place where they release records and no one sells\nAnd still they claim king\nNigga it's the same thing\nAll day long\nBut that's the screw face\nRappers will friend you at first but really they two faced\nHoping you trip and slip over your own shoe lace\nThat's why I tuck em in not givin' a fuck again\nD.R.A you add the K.E a hundred grand and you labels can not\nPlay me\nI'll never go broke\nFuck em I'm flashin' the pan\nI am a passionate man\nPlanted with cash in my hand uhh\n\n[Verse 3:]\nLook... I got few days left\nAnd I'm a make use of every single one\nUntill every singles done and till every record is sold\nAnd till every string is strung\nThey tell me to take a breather and Drake everything will come\nDog... it's always been the same\nIt's all love\nLike no score in a tennis game\nFor the son of Dennis James\nOwner of the city downtown on a Friday\nStreets behind me like I took a picture in a driveway\nI roll down strips and hosed down whips that when turtles wax up\nThey will close down richmond\nWith no down shiftin'\nHaters will say I'm adequate\nI think I got the type of flow to make a addict quit\n19 years I been pimpin' since then repurchased Trap Muzik 4 time since then\nSeamless transition I'm the new fresh prince gettin' pennies for my thoughts\nSo I put my 2 cents in\nTop of the mornin' I am dropin' a coin in plus\nI'm changin' the game you see me swapin' a joint in\nThey put fire out bring the buyers out and try to box us all together\nFor they buy us out\nThey profit from the event\nWe handin' fliers out\nWe profit from the attempt to hand desires out\nBut rich is how we're all endin' up\nSo if you selling charter Jetts call Brenden up\nHolla!", "image": "https://images.genius.com/22999a3378819809ee4848f7c60a744c.1000x1000x1.jpg"}], "artist": "Drake"}