{"songs": [{"title": "Keep the Family Close", "album": "Views", "year": "2016-04-29", "lyrics": "[Intro]\nIt's a little chilly out there\nHow you can stand there is beyond me\n\n[Hook]\nAll of my \"let's just be friends\" are friends I don't have anymore\nHow do you not check on me when things go wrong\nGuess I should've tried to keep my family closer\nMuch closer\nAll of my \"let's just be friends\" are friends I don't have anymore\nGuess that's what they say you need family for\nCause I can't depend on you anymore\n\n[Verse 1]\nAlways saw you for what you could've been\nEver since you met me\nLike when Chrysler made that one car\nThat looked just like the Bentley\nI always saw you for what you could've been\nAnd even when it's business with you it's personal again\nI knew you before you made ends meet\nAnd now we're meeting our end\n\n[Bridge]\nAnd it's all because you chose a side\nYou're supposed to put your pride aside and ride for me\nGuess it wasn't time (yeah)\nAnd of course you went and chose a side that wasn't mine\n\n[Verse 2]\nYou're so predictable I hate people like you\nKennedy Road taught me not to trust people like you\nHow you supposed to figure out what I'm going through\nYou can't even figure out what's going on with you\nYou judge me 'fore you met me yeah it figures\nI make all the player's anthems for the real niggas\nWith my dad out in Tennessee is where I belong\nOut here in L.A., I don't know what's going on\nI don't know what's going on\n\n[Bridge]\nAnd it's all because you chose a side\nYou're supposed to put your pride aside and ride for me\nGuess it wasn't time (yeah)\nAnd of course you went and chose a side that wasn't mine\n\n[Verse 3]\nYou sit and you pray hoping that the stars align\nMy luck is a sure thing cause I'm living right\nWhen I needed you, you couldn't give me any advice\nBut you always had something to say every other time\nEverybody that I met on the way tries to get in the way\nI'm fooding and serving them all\nLike I'm working for minimum wage\nSomeone up there must just love testing my patience\nSomeone up there must be in need of some entertainment\nForgiveness for your ways\nIf I ever loved ya, I'll always love ya; that's how I was raised\nSame way I'm right here still feeling the way\nSame way I'm realizing on a day to day that\n\n[Hook]\nAll of my \"let's just be friends\" are friends I don't have anymore\nHow do you not check on me when things go wrong\nGuess I should've tried to keep my family closer\nMuch closer\nAll of my \"let's just be friends\" are friends I don't have anymore\nGuess that's what they say you need your family for\nCause I can't depend on you anymore\nMuch closer\n\n[Outro: Girl (Spoken)]\nAny time people want to start problems\nIt's like \u201cfor real, are you dumb?\u201d\nYou know who mans are\nI'm not afraid no gyal heart man\nAnd I'm not afraid of no cyattie\nAnd I'm not afraid of no waste yute neither\nSo anybody who want it can get it\nSeh feh", "image": "https://images.genius.com/6f4b9c41ccb18485cccd6aa364ccc3b8.1000x1000x1.jpg"}], "artist": "Drake"}