{"songs": [{"title": "Signs", "album": null, "year": "2017-06-22", "lyrics": "[Intro: Drake]\nYeah, yeah, yeah, yeah, yeah\nYeah\n\n[Pre-Chorus: Drake]\nChampagne with breakfast while I'm yawning\nYou can't drink all day if you don't start in the morning\nLord forgive me, I can't take things slowly (Slow)\nI'm gone on them once I get going (Gone on them, oh, gone on them)\n\n[Chorus: Drake]\nShe tryna take it all off for me\nTryna stay real close to me (Close)\nI gotta catch myself\nI can't play myself, I need to take it\n\n[Refrain: Drake]\nEasy, easy, easy, easy\nEasy, easy, easy, easy\n\n[Verse 1: Drake]\nRailiza, you need a... money and visa\nAnd you get what you want, always from me\nI can't say \"No\" when you say \"Please,\" I can't say \"No\"\nHowisha, you need a... baby with me, uh\nAnd I'm takin' my time, just wait, don't leave\nI can't say \"No\" when you say \"Please,\" I can't say \"No\"\nYou wanna drink like Bajan and dance like Trini, yeah\nYou want a supermodel pose like mi real friend Winnie (Like mi real friend)\nYeah, vacation is done but I'm not finished, no\n\n[Pre-Chorus: Drake]\nChampagne with breakfast while I'm yawning\nYou can't drink all day if you don't start in the morning\nLord forgive me, I can't take things slowly (Slow)\nI'm gone on them once I get going (Gone on them, gone on them, gone on them)\n\n[Chorus: Drake]\nShe tryna take it all off for me (Close)\nTryna stay real close to me\nI gotta catch myself\nI can't play myself, I need to take it\n\n[Refrain: Drake]\nEasy, easy, easy, easy\nEasy, easy, easy, easy\n\n[Verse 2: Drake]\nI stay to myself, I'll explain myself, I can't play myself\nOh, first night, holy night, five in the morning, yeah-yeah (Yeah)\nAnd it feels like you're mine, signs of the times, oh, what a time\nPlayin' it right, playin' it perfect\nLaughin' it off, but I know you're hurtin'\nSigns of the times, I say all the time\nTaking my time, just gets harder to find it\nBut you're playin' it right, you're playin' me perfect\n\n[Chorus: Drake]\nShe tryna take it all off for me\nTryna stay real close to me\nI gotta catch myself\nI can't play myself, I need to take it\n\n[Refrain: Drake]\nEasy, easy, easy, easy\nEasy, easy, easy, easy\n\n[Outro: Young Thug]\nI bet I never disrespect you, darlin'\nI bet you pardon me, darlin'", "image": "https://images.genius.com/0e4128ce810a47865eee60b54b87835e.1000x1000x1.jpg"}], "artist": "Drake"}