{"songs": [{"title": "Everywhere I Go", "album": null, "year": null, "lyrics": "[Intro]\nHo!\nYeah!\nIt's Drake!\nTrendsetters...\nYeah!\nI love this man. (Aha. Yeah)\nMeant just.. just ready? cause I ain't actually goin do it till ya ready (uh)\nHoee\n\nVerse 1\nCause i've never had a Benz-o\nNope or push me a act with the tints-o\nNoizy Niggas speakin in my Window\nHave a hard time luckin\nI tell you second hand its a hard grind cookin\n...", "image": "https://images.genius.com/22999a3378819809ee4848f7c60a744c.1000x1000x1.jpg"}], "artist": "Drake"}