{"songs": [{"title": "Nice For What", "album": "Scorpion", "year": "2018-04-06", "lyrics": "[Intro: Big Freedia]\nI wanna know who mothafuckin' representin' in here tonight\nHold on, hold on\n\n[Pre-Chorus: Lauryn Hill]\nI keep lettin' you back in (You back in)\nHow can I explain myself?\n\n[Chorus: Lauryn Hill & Drake]\nCare for me, care for me, you said you'd care for me\nThere for me, there for me, said you'd be there for me\n(Lil Weezyana shit)\nCry for me, cry for me, you said you'd die for me\n(Murda on the beat)\nGive to me, give to me, why won't you live for me?\nCare for me, care for me, I know you care for me\n(A song for y'all to cut up to, you know?)\nThere for me, there for me, said you'd be there for me (Yeah)\nCry for me, cry for me, you said you'd die for me\nGive to me, give to me, why won't you live for me?\n\n[Verse 1: Drake]\nEverybody get your mothafuckin' roll on\nI know shorty and she doesn't want no slow song\nHad a man last year, life goes on\nHaven't let that thing loose, girl, in so long\nYou've been inside, know you like to lay low\nI've been peepin' what you bringin' to the table\nWorkin' hard, girl, everything paid for\nFirst-last, phone bill, car note, cable\nWith your phone out, gotta hit them angles\nWith your phone out, snappin' like you Fabo\nAnd you showin' off, but it's alright\nAnd you showin' off, but it's alright (Alright!)\nIt's a short life, yeah\n\n[Chorus: Lauryn Hill]\nCare for me, care for me, you said you'd care for me\nThere for me, there for me, said you'd be there for me\nCry for me, cry for me, you said you'd die for me\nGive to me, give to me, why won't you live for me?\n\n[Refrain: Drake]\nThat's a real one in your reflection\nWithout a follow, without a mention\nYou really pipin' up on these niggas\nYou gotta be nice for what to these niggas?\n\n[Verse 2: Drake]\nI understand, you got a hunnid bands\nYou got a baby Benz, you got some bad friends\nHigh school pics, you was even bad then\nYou ain't stressin' off no lover in the past tense\nYou already had them\nWork at 8 A.M., finish 'round five\nHoes talk down, you don't see 'em outside\nYeah, they don't really be the same offline\nYou know dark days, you know hard times\nDoin' overtime for the last month\nSaturday, call the girls, get 'em gassed up\nGotta hit the club, gotta make that ass jump\nGotta hit the club like you hit them mothafuckin' angles\nWith your phone out, snappin' like you Fabo\nAnd you showin' off, but it's alright\nAnd you showin' off, but it's alright (Alright!)\nIt's a short life\n\n[Bridge: Big Freedia & Letitia Wright]\nUh-huh! (Oh yeah!)\nThese hoes! (They mad!)\nYour boy! (I had!)\nI made! (Watch the breakdown)\n\n[Chorus: Lauryn Hill]\nCare for me, care for me, you said you'd care for me\nThere for me, there for me, said you'd be there for me\nCry for me, cry for me, you said you'd die for me\nGive to me, give to me, why won't you live for me?\n\n[Breakdown: Drake]\nGotta make that jump, gotta make that, gotta, gotta make that\nGotta make that jump, gotta make that, gotta, gotta make that\nGotta, gotta, gotta g-g-gotta, g-g-gotta, gotta\nGotta, g-g-gotta, gotta, gotta make that jump, jump (Let's go)\nBend it over, lift it up, bend it over, lift it up\nMake that jump, jump\nBend it over, lift it up, bend it over, lift it up\nMake that jump, jump\nBend it over, over, over, over, over, lift it up\nMake that jump, jump\nBend it over, lift it up (Make that jump, jump)\nBend it over, lift it up (Make that jump, jump)\n\n[Refrain: Drake]\nThat's a real one in your reflection\nWithout a follow, without a mention\nYou really pipin' up on these niggas\nYou gotta be nice for what to these niggas?\nI understand\n\n[Chorus: Lauryn Hill]\nCare for me, care for me, you said you'd care for me\nThere for me, there for me, said you'd be there for me\nGive to me, give to me, why won't you live for me?\nCry for me, cry for me, you said you'd cry for me\n\n[Outro: Drake & Lauryn Hill]\nGotta hit the club like you hit them, hit them, hit them angles\nIt's a short life, yeah\nCry for me, cry for me, you said you'd die for me\nGive to me, give to me, why won't you live for me?\n\n[Music Video Outro: Lauryn Hill & Letitia Wright]\nWatch the breakdown\nCare for me, care for me, I know you care for me\nThere for me, there for me, said you'd be there for me\nCry for me, cry for me, you said you'd die for me\nGive to me, give to me, why won't you live for me?\nCare for me, care for me, I know you care for me\nThere for me, there for me, said you'd be there for me\nCry for me, cry for me, you said you'd die for me\nGive to me, give to me, why won't you live for me?\nCare for me, care for me, I know you care for me\nThere for me, there for me, said you'd be there for me\nCry for me, cry for me, you said you'd die for me\nGive to me, give to me, why won't you live for me?\nCare for me, care for me, I know you care for me\nThere for me, there for me, said you'd be there for me\nCry for me, cry for me, you said you'd die for me\nGive to me, give to me, why won't you live for me?\nCare for me, care for me, I know you care for me\nThere for me, there for me, said you'd be there for me", "image": "https://images.genius.com/ab4ffbf9141246599da5d959f09760a4.1000x1000x1.jpg"}], "artist": "Drake"}