{"songs": [{"title": "Final Fantasy", "album": "Scorpion", "year": "2018-06-29", "lyrics": "[Verse 1]\nYeah, I never really talk about dick that I wanna give you\nOr places I wanna get to\nNeck grab, hair grab\nArch back, heart attack, cardiac\nI need it nasty like, like Evil Angel, like Vivid\nYou know, nasty like how they give it\nYou know, I need you to be open like Kai's kitchen\nThat pussy kinda sound like waves hittin' (Kshh!)\nSoothin', keep it right there, no movin'\nMake my way around the bases-es\nI wanna take you to oasises\nBein' honest, I don't really know what patience is\nAyy, freaky like the red leather Michael\nZombie revival, this ain't like you\nThis that new you, this ain't high school (High)\nI like best when you're fresh faced and no foundation\nWillin' and ready for the takin'\nEarth-shatterin', groundbreakin'\nHeadscarf for after our relations\nNo judgment is our arrangement\nMake that face up if you dare\nBut just be prepared that I am gonna cause that lipstick to smear\nAnd the mascara tears to run down\nI always need a glass of wine by sundown\nI always get your ass over here somehow\nI hope that the apocalypse is the only thing that doesn't come now, we\u2019re one now\n\n[Interlude]\nDid somebody\u2026\nWho'd they say that baby look like?\nDrake!\n\n[Verse 2]\nCashed out, my neck is frozen\nCareful when we're mixin' potion\nSlashin' like Guns N' Roses\nYou got options, but I been chosen\nTo deal with you the way you like\nThe way you like it (Woo woo, woo woo)\nTo deal with you the way you like\nThe way you like it (Woo woo, woo woo)\nCashed out, my neck is frozen\nCareful when we're mixin' potion\nSlashin' like Guns N' Roses\nYou got options, but I been chosen\nTo deal with you the way you like\nThe way you like it, yeah", "image": "https://images.genius.com/2fee80dd9aec0717aef8e1eb7aaaae4c.809x809x1.jpg"}], "artist": "Drake"}