{"songs": [{"title": "A Scorpio\u2019s Mind", "album": "Room for Improvement", "year": "2006-02-14", "lyrics": "[Intro: Nickelus F]\nNiggas in the city hating me man they tripping\nWhen I'm the only one that's really spitting\nMy nigga Lil Lee the only one that's really gripping\nWhy you dap me up acting like like we cool if you don't feel him nigga?\nUh, I'm bringing back hip hop\nMe and my nigga Drake\nVA, Toronto, Hip-Hop\n\n[Verse 1: Nickelus F]\nAiight let me take my jacket off\nUnlace the Timbs, here again comes the jabberjaw\nThis time I'm blabbing on\nThese rappers that feel a certain way but they give me dap and all\nMad cuz the freestyle iller than they whole catalog\nI got the gift like Santa Claus\nFlow got spring like a catapult\nMatter fact the flow Supreme like Diana Ross\nI'm at the do' like a deer with the antlers off\nNiggas acting like Scummy was they nigga\nWouldn't even give my man a 12 bar feature\nI know who you are cause he wanted me to eat ya\nI said nah lets keep it peaceful\nMy nigga was a true weed source\nHe gave it to us for a cheap cost, at prices we all could eat off\nA real street dog\nThe type of nigga that y'all niggas be studying learning how to get street off\nWe have an impostor, alert the doctor\nBout to hit him up with the chopper like Blaka\nShock em like Blanka from Street Fighter, heat got a\nHurricane kick, murder everything quick\nLook, my new Ryu nine is stupendous\nWhy do guys choose my crew to pick wit\nMy crew lie you guys into ditches\nI said it and meant it the Scorpio's Mind has many dimensions\nI'll say it in intent, sentence, indent, on instant pimpin\nHope your listenin' to my diction\nIf you are then you now should be itchin'\nThat it's crack we placed in your stereo system\nYeah, I be at your burial trippin'\nNickelus F from Richmond, VA\nThe Scorpio's Mind is not a game to play wit all day\n\n[Verse 2: Drake]\nI've been hated by many, wanted by plenty\nDisliked by some, but confronted by none\nSince they don't show me sincerity, I load up, lock up\nTake shots at em I guess you could call it a parody\nAnd compared to D\nThey one-fourth from watermelon to a quarter felon, dude you a pear to me\nIf that's not how it is it's how it appear to be\nYou got blind heaters, in my sweats is a mind reader\nAnd when the psychic get to touching my palm\nSeein' your physical, the things that you never say to me visible\nEspecially when one of your artists feeling threatened\nCause I'm harnessing a weapon, won't you pardon my reflection\nMirror, mirror tell me why they wanna get and scrimmage\nAnd play around, to perfection I'm the spitting image\nMy verbal camp is vivid, I told you I'm spitting image\nIt seems we often want to start but never get to finish\nMy verbal campus is Villanova, and those of you feelin Hova\nAnd writing college rhymes, but the thrill is over\nLet me assist you like a specialist\nSo you can pull it back and try catch the metaphors and the rest of this\nIt's not a problem wit X, I guess I'm a pessimist\nWhich means if shit goes bad I say, \"I expected this\"\nAnd me and Julien we never got the chance to communicate\nInstead of understanding its a tune of hate\nThe city's mine like Oklahoma's a Sooner state\nAnd we're gonna have to cross paths whether soon or late\nSo, why don't you walk up in the spot using less strut\nYou ain't Morris Chestnut, you lighter and less cut\nAnd lets be honest, by now you should be your own scholar\nYou still a proteg\u00e9, that's the reason I don't holler\nYou got rappers being repetitive actors\nYou stay ahead of the game, I'm ahead of the practice boy", "image": "https://images.genius.com/c85f36c02060316fcec1ed423c60f0da.1000x1000x1.jpg"}], "artist": "Drake"}