{"songs": [{"title": "Trust Issues", "album": null, "year": "2011-06-21", "lyrics": "[Intro]\nAw, yeah, aw, yeah\nCall up on drank and let's, let's call up\n\n[Bridge]\nAll I care about is money and the city that I'm from\nI'ma sip until I feel it, I'ma smoke it 'til it's done\nAnd I don't really give a fuck and my excuse is that I'm young\nAnd I'm only getting older, somebody should've told you\nI'm on one, fuck it, I'm on one\nI said I'm on one, fuck it, I'm on one, a strong one\nTwo white cups and I got that drink\nIt could be purple, it could be pink\nDepending on how you mix that shit\nMoney to be got, and I'ma get that shit\nCause I'm on one, I said fuck it I'm on one\n\n[Verse 1]\nYou know what I'm sipping, I'll teach you how to mix it\nBut you're the only one cause I don't trust these bitches\nI don't trust these bitches, they might catch me slipping\nSo, you're the only one cause I don't trust these bitches\nThey might catch me slipping and put in something different\nSo you're the only one cause I don't trust these bitches\nI don't trust these bitches, they might catch me slipping\nSo you're the only one\n\n[Hook]\nOh oh, trust issues\nOh oh, trust issues\nOh oh, trust issues\nOh oh\n\n[Interlude]\nYeah, aw yeah, aw yeah\nLet's call up on drank and let's all get wasted\nOn drank and let's all get faded\n\n[Verse 2]\nDrizzy Drake, check me out\nComing live from the mothafuckin' North Side\nKick game, run game, run it real good\nBut never ever have my bitches sitting courtside\nSame nigga that you knew way back when\nYou acting like it's somebody you don't know\nTell me, how the fuck we supposed to stay friends\nWhen you got a bunch of feelings that you don't show?\nI could tell, I could tell, I could tell\nCertain people don't like me no more\nNew shit don't excite me no more\nGuess that they don't really make them like me no more\nYou can look me in my eyes and see I ain't myself\nCause if y'all what I created then I hate myself\nBut still, let them girls in and tell 'em all\nLeave their cell phones on the table where we see them\nI'm all day with it man, a.m. to the p.m\nNiggas hating, I just wish that they would say it when they see him\n\n[Bridge]\nThat's that shit that drives me crazy\nAnd that's all I've been getting lately\nAnd it's probably why I'm scared to put the time in\nWomen want to fuck like they're me and I'm 'em\nLooking for some things and I think that I can find 'em in you, in you\n\n[Hook]\nOh oh, trust issues\nOh oh, trust issues\nOh oh, trust issues\nOh oh\n\n[Outro]\nYeah, aw yeah, aw yeah\nLet's call up on drank and let's all get wasted\nOn drank and let's all get faded\nYeah, aw yeah, aw yeah\nCall up on drank and let's...\nLet's call up on drank and, uh", "image": "https://images.genius.com/30a32d1031159045c71eb9883c276b83.480x360x1.jpg"}], "artist": "Drake"}