{"songs": [{"title": "From Time", "album": "Nothing Was the Same", "year": "2013-09-24", "lyrics": "[Intro: Jhen\u00e9 Aiko]\nWhat's up? Been a minute since we kicked it, you've been caught up\nWith them bitches, I don't get it, you're a star love\nYou shouldn't have to deal with that\nI'd never make you feel like that, 'cause...\n\n[Chorus: Jhen\u00e9 Aiko]\nI love me, I love me enough for the both of us\nThat's why you trust me, I know you been through more than most of us\nSo what are you? What are you, what are you so afraid of?\nDarling you, you give but you cannot take love\n\n[Verse 1: Drake]\nYeah, I needed to hear that shit, I hate when you're submissive\nPassive aggressive when we're texting, I feel the distance\nI look around the peers that surround me, these niggas tripping\nI like when money makes a difference but don't make you different\nStarted realizing a couple places I could take it\nI want to get back to when I was that kid in the basement\nI want to take it deeper than money, pussy, vacation\nAnd influence a generation that's lacking in patience\nI've been dealing with my dad, speaking of lack of patience\nJust me and my old man getting back to basics\nWe've been talking 'bout the future and time that we wasted\nWhen he put that bottle down, girl that nigga's amazing\nWell, fuck it, we had a couple Coronas\nWe might have rolled a white paper, just something to hold us\nWe even talked about you and our couple of moments\nHe said we should hash it out like a couple of grown ups\nYou a flower child, beautiful child, I'm in your zone\nLooking like you came from the 70's on your own\nMy mother is 66 and her favorite line to hit me with is\nWho the fuck wants to be 70 and alone?\nYou don't even know what you want from love anymore\nI search for something I'm missing and disappear when I'm bored\nBut girl, what qualities was I looking for before?\nWho you settling for? Who better for you than the boy, huh?\n\n[Chorus: Jhen\u00e9 Aiko]\nI love me, I love me enough for the both of us\nThat's why you trust me, I know you been through more than most of us\nSo what are you? What are you, what are you so afraid of?\nDarling you, you give but you cannot take love\n\n[Verse 2: Drake]\nUh, thinking 'bout Texas, back when Porscha used to work at Treasures\nOr further back than that, before I had the Houston leverage\nWhen I got Summer a Michael Kors with my momma's debit\nA weak attempt at flexing, I'll never forget it\n'Cause that night I played her three songs\nThen we got to talking 'bout something we disagreed on\nThen she start telling me how I'll never be as big as Trey Songz\nBoy was she wrong, that was just negative energy for me to feed off\nNow it's therapeutic blowing money in the Galleria\nOr Beverly Center Macy's where I discovered Bria\nLandmarks of the muses that inspired the music\nWhen I could tell it was sincere without tryna prove it\nThe one that I needed was Courtney from Hooters on Peachtree\nI've always been feeling like she was the piece to complete me\nNow she engaged to be married, what's the rush on commitment?\nKnow we were going through some shit, name a couple that isn't\nRemember our talk in the parking lot at the Ritz\nGirl I felt like we had it all planned out, I guess I fucked up the vision\nLearning the true consequences of my selfish decisions\nWhen you find out how I'm living, I just hope I'm forgiven\nIt seem like you don't want this love anymore\nI'm acting out in the open, it's hard for you to ignore\nBut girl, what qualities was I looking for before?\nWho you settling for? Who better for you than the boy, huh?\n\n[Chorus: Jhen\u00e9 Aiko]\nI love me, I love me enough for the both of us\nThat's why you trust me, I know you been through more than most of us\nSo what are you? What are you, what are you so afraid of?\nDarling you, you give but you cannot take love\n\n[Outro: Baka]\n\"Been Baka aka Not Nice from time, G\nBeen a East Side ting\nScarborough ting from time, G\nBeen have up di ting dem from time, G\nSo I don't know what's wrong with these\nLittle wasteman out here eh?\nY'all need to know yourself.\"", "image": "https://images.genius.com/9838d0b45ef0f886d371a0e2572f7c6c.1000x1000x1.jpg"}], "artist": "Drake"}