{"songs": [{"title": "Drake Speaks", "album": null, "year": null, "lyrics": "[Drake]\nWhen I, um, I had rap, rap joints out there, and people were like, yeah he's nice, you know\n\n[Interviewer]\nIt's hard to go from kid tv show to rapper\n\n[Drake]\nIt is, it is, but you know, the more and more, we were consistent, it proved, it turned from a flaw to an attribute. You know, it's like, it makes the story better, I think at this point\n\n[Interviewer]\nEspecially when the music is good and they're like, yo he's real\n\n[Drake]\nWe started just putting songs out-\n\n[Interviewer]\nSo are you aware, are you feeling this, this, this energy around you right now? There's people talkin' about you He knows, he knows, yeah like how does that feel, what does that feel like to you?\n\n[Drake]\nEvery, every, like I said, I'm very humbled by it, I feel very blessed. And umm, yeah, I'm never gonna let it set in, I just wanna keep, I just wanna keep working to be honest with you\n\n[Interviewer]\nRide the wave, baby, ride the wave. And you have some big interest too, like, I know you're working. There's one with Lil' Wayne, and you did, umm, just talk in the studio with some different people, can you talk about yet or no?\n\n[Drake]\nI've been working, I've been working all week with some of New York City's finest, umm, artists. I haven't been working with New York City's finest\n\n[Interviewer]\nLet's clean that up", "image": "https://images.genius.com/22999a3378819809ee4848f7c60a744c.1000x1000x1.jpg"}], "artist": "Drake"}