{"songs": [{"title": "Jorja Interlude", "album": "More Life", "year": "2017-03-18", "lyrics": "[Refrain: Jorja Smith]\nWhen you see them fall down\nBut you pick 'em up\nYou still let them touch the ground\nDon't worry, I swear\nThey'll know you're trying to help 'em\n\n[Verse: Drake]\nTryna stay light on my toes\nJust ran a light in a Rolls\nTold me I'm lookin' exhausted\nYou hit it right on the nose\nI'm tired of all of these niggas\nI'm tired of all of these hoes\nWorried 'bout takin' my lane\nThey ain't even got on the road\nThey turn they back and they leave you\nThey gon' be back when they need you\nI practice good over evil\nFlippin' the script like a read-through\nYeah, all of my brothers, we equal\nI play my part too, like a sequel\nYou tell your niggas you got 'em on anything\nQuestion is, do they believe you?\n'Specially when you never come through\nSo much hate inside your heart\nWe don't even know what we done to you\nWe just know shit gettin' run through\nNever chase it, let it come to you\nYou out here tellin' everybody everything\nYou niggas move like the one-two, yeah\n\n[Refrain: Jorja Smith]\nWhen you see them fall down\nBut you pick 'em up\nYou still let them touch the ground\nDon't worry, I swear\nThey'll know you're trying to help 'em\nThey'll know you're trying to help 'em\nThey'll know you're trying to help 'em\nThey'll know you're trying to help 'em\nThey'll know, they'll know\n\n[Outro: Drake]\nAnd more chune for your headtop\nSo watch how you speak on my name, you know?", "image": "https://images.genius.com/4672f8523e0fbf7f7848185256e946f4.1000x1000x1.jpg"}], "artist": "Drake"}