{"songs": [{"title": "Girls Love Beyonc\u00e9", "album": null, "year": "2013-04-16", "lyrics": "[Verse 1: Drake]\nLook, I know girls love Beyonc\u00e9\nGirls love to fuck with your conscience\nGirls hate when niggas go missing\nAnd shawty you ain\u2019t no different\nThese days it\u2019s hard to meet women\nFeel like my love life is finished\nI\u2019ve been avoiding commitment\nThat\u2019s why I\u2019m in this position\nI\u2019m scared to let somebody in on this\nNo new friends, no no no\nYou know how this shit go\nYou got your fair share of admirers that call your phone\nYou try to act like it\u2019s just me, but I am not alone\nBut if you\u2019re alone then, say my name, say my name\n\n[Chorus: James Fauntleroy]\nSay my name, say my name\nWhen no one is around you\nSay, \u201cBaby, I love you\u201d\nIf you ain\u2019t running games\nSay my name, say my name\nYou actin\u2019 kinda shady, baby\nWhy the sudden change?\nSay my name\nSay my name\nSay my name\nSay my name, say my name\nIf no one is around you\n\n[Verse 2: Drake]\nYeah\nUh\nSay my name, say my name\n\u2018Cause those other men are practice\nAnd this ain\u2019t no time for actin\u2019\nAnd this ain\u2019t no time for games\nAnd this ain\u2019t no time for uncertainty\nAnd this ain\u2019t no time for locking your phone and not coming home\nAnd startin\u2019 some shit when I\u2019m in the zone\nThis is why I\u2019ve been saying\nNo new friends, no no no\nYou know how this shit goes\nThis is not four years ago\nTime escapes me\nNow forget how it felt when this shit move slow\nI come through in whips that make a young boy take the long way home\nAll my young boys \u2018round me saying, \u201cGet money and fuck these hoes\u201d\nWhere we learn these values? I do not know what to tell you\nI\u2019m just trying to find a reason not to go out every evening\nI need someone that\u2019ll help me think of someone besides myself\nI need someone I leave through the front door with\n\u2018Cause we don\u2019t wanna hide no more\nPlus you\u2019re not shy no more\nNeither of us wanna play the side no more\nNo, I\u2019m not alone\nEven though nothing was the same\nLet me get your ass alone\nLet me make you say my name\nSay my name\n\n[Chorus: James Fauntleroy]\nSay my name, say my name\nWhen no one is around you\nSay, \u201cBaby, I love you\u201d\nIf you ain\u2019t running games\nSay my name, say my name\nYou actin\u2019 kinda shady, baby\nWhy the sudden change?\nSay my name\nSay my name\nSay my name\nSay my name, say my name\nIf no one is around you", "image": "https://images.rapgenius.com/ba2bb761bfd076d102cac36214aa4283.500x500x1.jpg"}], "artist": "Drake"}