{"songs": [{"title": "Sex Tonight", "album": null, "year": null, "lyrics": "Let me do me, you just do you\nI'm double cupped right now\nSu-woop to the bangers\nSu-woop to the bangers, (yeah)\nAnd I say, I be on some G shit\nI be on some G shit\nCheck out what I done, and\nCheck out who I be with\nI'm me bitch, I said I'm me bitch\n\nThen it goes young, young, young, young, YOUNG\n\nBust that pussy open, then I tell her bring it back\nMake sure you don't fall in love\nCause I don't have the time for thatt\nOnly thing I chase is money, if you tell me where it's at\nWhen you rich, there is a certain type of woman you attract\n\nI say I be on some G shit, I be on some G shit\nCheck some other niggas for that louis shopping spree shit\nNot me bitch, I said not me bitch\n\nAnd it goes young, young, young, young, YOUNG\n\nI a'int have sex in a long time\nAre we havin is sex tonight?\nLadies say, I ain't have sex in a long time\nI a'int have sex in a long ass time\nBaby, I ain't have sex in a long time\nAre we havin is sex tonight, sex tonight\n\nLet me do me, you just do you\nI'm double cupped right now\nSu-woop to the (whoa oh oh ohh)", "image": "https://images.genius.com/22999a3378819809ee4848f7c60a744c.1000x1000x1.jpg"}], "artist": "Drake"}