{"songs": [{"title": "The Search", "album": "Born Successful", "year": "2009-07-31", "lyrics": "(Saukrates intro)\nThey say we killin' 'em all, all, all, all\n\n[Verse 1: Drake]\nHip hop's newest and youngest acquisition\nIf this was you, I wonder what you'd do in that position\nTry to make a profit or try to make a difference\nTry to make 'em play your shit or try to make 'em listen\nI go from records with Dwele and L.B. and Elzhi\nThe meetings where they tell me to start making records and that They'll buy\nNow I'm out in A-Town\nThey tellin' me Trey sound\nIt's too mainstream if I plan on me stickin' around\nBut the allure of this year's Scream Tour has been cuttin' all them Jawns that be hurtin' the game\nI be dreamin' 'bout hoes and doin' them live shows\nShirtless, that's why I started to personal train\nDog, personally mane\nI'm a person that came to bring purpose to a seem unless they purposeless game\nIt never feel like it's earned when you purchase the fame\nNow my thoughts gettin' deeper and I'm searchin' the game\nI keep on, on, on, on, on\n\n[Drake & Saukrates: Hook]\n[Yeah] I'm killin' 'em all, all, all, all\n[Yeah] I'm killin' 'em all, all\nI'm killin' 'em all, all\n\n[Verse 2: Saukrates]\nYeah\nLet me show you how to blast up\nNow tell me who is a masta\nA mind never wasted\nWho grows fasta?\nThe young and incredible while lightin' yo' ass up\nYou look a lil' red, we gettin' that cash up\nSee where we from, the 50's are bloody\nAnd the 100 dollar bill is dirty brown, they love me\nI mess up my livin' room, and studio with my money\nA G-note is purple, grape juice stains on the front piece of\nMy lapel, is custom made\nYou off the rack shit\nI'm off the chain, come on\nThe dogs are loose\nAnd yeah we get our dumb on like San Frisco Bay\nWith 40 and Mac Dre\nEat it or forever lose a piece of your meal to me or one of my folk\nDrake'll give you the deal\nIf bein' broke at 30 is a nigga that kills\nI guess we somethin' like two ice bergs huntin' to kill\nKeep on, keep on (Uh), keep on (Uh), keep on (Uh)\n\n[Hook]\n\n[Verse 3: Drake]\nLook, uh\nI used to get 'em like murda murda\nOl' time killin'\nI wasn't even rappin', spent my whole time chillin'\nAnd now the girls like\nIt's only Drake got chased and so the artists I respected try and Take my place\nBut pimpin' ain't easy man and neither is rappin'\nThey one in the same when you need it to happen\nMy city full of players they just needed a captain\nIn need of him right now in need of him back then\nBut back then I was actin'\nNowadays I serve backhands with backspin\nTryin' to prove rappers are intelligent black men\nAnd  now whoever chose to back out is back in\nThey say there's two sides to every story and three when the truth Get told\nSo grab a spoon 'fore your soup get cold\nWhen you drive it off the lot is when your coupe get old\nSo please discover an answer 'fore proof gets sold\nAnd keep on, on, on, on, on\n\n[Hook]", "image": "https://images.genius.com/09c843b49a2466e1a43f2a46ad8bcf1c.500x500x1.jpg"}], "artist": "Drake"}