{"songs": [{"title": "Shut It Down", "album": "Thank Me Later", "year": "2010-06-15", "lyrics": "[Intro: Drake]\nHey, oh-oh\nThese girls ain't got nothing on you...\n\n[Verse 1: Drake]\nUh, say baby I had to mention\nThat if you were a star you'd be the one I'm searching for\nOther girls they, they got attention\nBut I just always feel like there in need of something you got\nIt's obvious you're pretty\nHeard that you're a student working weekends in the city\nTrying to take you out girl, hope you're not too busy\nAnd if there's nothing wrong\nGot this little song for you to get ready to\nPut those fucking heels on and work it girl\nLet that mirror show you what you're doing\nPut that fucking dress on and work it kind of vicious\nLike somebody's taking pictures\n\n[Chorus: Drake]\nShut it down, down, down\nYou would shut it down, down, down\nYou'd be the baddest girl around, round, round\nAnd they'd notice, they'd notice\nYou would shut it down, down, down\nYou would shut it down, down, down\nYou'd be the baddest girl around, round, round\nAnd they'd notice, they'd notice\nYou would shut it\u2014\n\n[Interlude: Drake & The-Dream]\nHey, oh-oh\nThese girls ain't got nothing on you\nThey ain't got nothing on you\nThey ain't got nothing on you\nKi-Killa, Killa\n\n[Verse 2: The-Dream]\nGirl you're the greatest\nAnd if he say you ain't, girl he's out his mind\nYou're the finest\nAnd if he say you ain't, that boy done lost his mind\nHey baby, every time you come around\nShut it down like computers\nHey lady, step into my heart\nAnd let me put you in the Louboutins\nWhat you want, what you need\nI can be your everything\nThem other niggas just wanna hit it\nBut if they had it, wouldn't know what to do with it\n\n[Chorus: Drake & The-Dream]\nAnd together we shut it down, down, down\nThey know we shut it down, down, down\nYou'd be the baddest girl around, round, round\nAnd they'd notice (they'd know) they'd notice (they'd know)\nThat we shut it down, down, down\nThey know we shut it down, down, down\nEvery time we come around, round, round\nAnd they'd notice (they'd know) they'd notice\nYou shut it down\n\n[Bridge: The-Dream]\nTMZ, Concrete Loop\nYou shut that motherfucker down, down\nIce cream conversations they all want the scoop\nYou shut that motherfucker down, down\n\n[Verse 3: Drake]\nShooting stars all around her, fire, comets\nI could bring her through and shut 'em down, Onyx\nNo, you're not imagining, they're looking at you long stares\nEven though she's standing out she looks like she belongs here\nYou feel the hours pass, until you find somethin'\nI feel like when she moves, the time doesn't\nYeah, baby you finer than your fine cousin, and your cousin fine\nBut she don't have my heart beating double time\nYou just shut it down girl\nWho told the cops where the party was?\nWhy do I feel like I found the one?\nWhat's in these shots that you ordered us?\nDamn, I mean you sure know how to paint a town\nEver since you came around, it's obvious\u2014\n\n[Chorus: Drake & The-Dream]\nYou shut that thing down, you shut it down (down, down, down)\nYou shut it down, you shut it down (down, down, down)\nYou shut it down, you shut it down\nYou'd be the baddest girl around, round, round\nYou shut it, ohh\nAnd they'd notice, they'd notice\n\n[Bridge: The-Dream]\nYou looking good girl, go, go, go get em girl\nGo, go, go hit em girl, go, go, go, go, go, go\nYou looking good girl, go, go, go get em girl\nGo, go, go hit em girl, go, go, go, go go go\nYou shut it down\nYou shut it down, down, down, down\n\n[Verse 4: Drake]\nThe way I\u2019m feeling, the things I say\nAll just happen when you pass my way\nWhat can I do to make you stay?\nI know it\u2019s getting late, but girl I don\u2019t want you to leave\nYou tell me you\u2019re just not the type, you wanna do this right\nAnd I\u2019m not trying to say I don\u2019t believe you\nBut I refuse to feel ashamed and if you feel the same\nDoes waiting really make us better people?\nTake those fucking heels off, it\u2019s worth it girl\nNothing is what I can picture you in\nSo take that fucking dress off, I swear you won\u2019t forget me\nYou\u2019ll be happy that you let me\n\n[Outro: Drake]\nLay you down, down, down\nI\u2019m trying to lay you down, down, down\nYou still the baddest girl around, 'round, 'round\nThey'd notice, they'd notice\nLet me lay you down, down, down\nTrying to lay you down, down, down\nYou still the baddest girl around, 'round, 'round\nAnd they'd notice, they'd notice\nYou would shut it", "image": "https://images.genius.com/f0994c69f0994bc6b307070ecb02d6cd.1000x1000x1.jpg"}], "artist": "Drake"}