{"songs": [{"title": "Blue Tint", "album": "Scorpion", "year": "2018-06-29", "lyrics": "[Intro: Future]\n(Mario!)\nPluto\nGang gang, gang gang, gang\n\n[Chorus: Drake]\nLook who I'm fuckin' again\nI had her on ice but then\nI watched the ice get thin\nNow, does she sink or swim?\n\n[Post-Chorus: Drake]\nShe had an attitude in the summer\nBut she bein' nice again\nDouble my price again\nTop of the charts, back in they hearts\nNigga he strikes again, woah\nSome niggas bitter with life and they hate me\nThey wanna put knife in my ribs, woah\n\n[Verse 1: Drake]\nWay this shit set up I live like Ronaldo\nBut I never been in Madrid, woah\nShe said that that she workin', I told her come over\nAnd we can get right at the crib, woah\nShe finish at six but then say she got court in the morning\nTo fight for her kid, I told her I'd pray for the kid\n\n[Pre-Chorus: Drake]\nWhat a time this is\nTo be alive for this shit\nPresident doin' us in\nMy window got blue in the tint, ooh\nDid this shit once and I'd do it again\n\n[Chorus: Drake]\nLook who I'm fuckin' again\nI had her on ice but then\nI watched the ice get thin\nNow, does she sink or swim?\n\n[Refrain: Future & Drake]\nBlue faces, I got blue diamonds, blue tint, yeah\nBlue faces, I got blue diamonds, blue tint, yeah\nJeez! Ayy, ayy\n\n[Chorus: Drake]\nLook who I'm stuck with again\nI had her on ice but then\nI watched the ice get so thin\nNow, does she sink or does she swim, now?\n\n[Post-Chorus: Drake]\nAyy, 'cause she bein' nice again\nDouble my price again\nTop of the charts, back in they hearts\nNigga he strikes again, woah\nSome niggas bitter with life and they hate me\nThey wanna put knife in my ribs, woah\n\n[Verse 2: Drake]\nNobody better to show up and run it\nAnd I could put that on the twins, woah\nWe not together but I get the info on you\n'Cause I'm nice to your friends\nWoah, woah, woah, woah\nYeah, they shouldn't have told me but they did\n\n[Pre-Chorus: Drake]\nWhat a time this is\nTo be alive for this shit\nPresident doin' us in\nMy window got blue in the tint, ayy\nDid this shit once and I'd do it again\n\n[Chorus: Drake]\nLook who I'm fuckin' again\nI had her on ice but then\nI watched the ice get thin\nNow, does she sink or swim?\n\n[Refrain: Future]\nBlue faces, I got blue diamonds, blue tint, yeah\nBlue faces, I got blue diamonds, blue tint, yeah", "image": "https://images.genius.com/2fee80dd9aec0717aef8e1eb7aaaae4c.809x809x1.jpg"}], "artist": "Drake"}