{"songs": [{"title": "Emotionless", "album": "Scorpion", "year": "2018-06-29", "lyrics": "[Chorus: Mariah Carey]\nYou've got me feeling emotions\nAyy, higher\nAhhhhhhh\nYou've got me fe\u2013\nYou, ohhhh\n\n[Verse 1: Drake]\nDon't link me\nDon't hit me when you hear this and tell me your favorite song\nDon't tell me how you knew it would be like this all along\nI know the truth is you won't love me until I'm gone\nAnd even then the thing that comes after is movin' on\nI can't even capture the feeling I had at first\nMeetin' all my heroes like seein' how magic works\nThe people I look up to are goin' from bad to worse\nTheir actions out of character even when they rehearse\nWorkin' in the land of the free, the home of the brave\nI gotta bring my brothers or else I feel out of place\nBreakin' speed records on roads that these niggas paved\nAnd they don't like that, it's written all on they face\nI don't know how I'ma make it out of here clean\nCan't even keep track of who plays for the other team\nIconic duos rip and split at the seams\nGood-hearted people are takin' it to extremes\nLeavin' me in limbo to question what I believe\nLeavin' me to ask what's their motive in makin' peace\nLeavin' me to not trust anybody I meet\nLeavin' me to ask, is there anybody like me?\n\n[Chorus: Mariah Carey]\nYou've got me fe\u2013\nYou, ohhhh\nYou've got me fe\u2013\nYou, ohhhh, ayy\n\n[Verse 2: Drake]\nMissin' out on my years\nThere's times when I wish I was where I was\nBack when I used to wish I was here\nMissin' out on my days\nScrollin' through life and fishin' for praise\nOpinions from total strangers take me out of my ways\nI try and see who's there on the other end of the shade\nMost times it's just somebody that's underaged\nThat's probably just alone and afraid\nAnd lashin' out so that someone else can feel they pain\nI always hear people complain about the place that they live\nThat all the people here are fake and they got nothin' to give\n'Cause they been starin' at somebody else's version of shit\nThat makes another city seem more excitin' than it is\nI know a girl whose one goal was to visit Rome\nThen she finally got to Rome\nAnd all she did was post pictures for people at home\n'Cause all that mattered was impressin' everybody she's known\nI know another girl that's cryin' out for help\nBut her latest caption is \"Leave me alone\"\nI know a girl happily married 'til she puts down her phone\nI know a girl that saves pictures from places she's flown\nTo post later and make it look like she still on the go\nLook at the way we live\nI wasn't hidin' my kid from the world\nI was hidin' the world from my kid\nFrom empty souls who just wake up and look to debate\nUntil you starin' at your seed, you can never relate\nBreakin' news in my life, I don't run to the blogs\nThe only ones I wanna tell are the ones I can call\nThey always ask, \"Why let the story run if it's false?\"\nYou know a wise man once said nothin' at all\nI'm exhausted and drained, I can't even pretend\nAll these people takin' miles when you give 'em an inch\nAll these followers but who gon' follow me to the end?\nI guess I'll make it to the end and I'ma find out then\n\n[Outro: Mariah Carey]\nYou've got me fe\u2013\nYou, ohhhh, ayy\nHigher, higher\nYou've got me fe\u2013\nYou, ohhhh, ayy\nHigher, higher", "image": "https://images.genius.com/2fee80dd9aec0717aef8e1eb7aaaae4c.809x809x1.jpg"}], "artist": "Drake"}