{"songs": [{"title": "Make Things Right", "album": "Room for Improvement", "year": "2006-02-14", "lyrics": "[Hook]\nLook, if you a girl with the aspirations\nOf being in the background witcha asses shakin\nHittin clubs and skippin out on the class you takin\nI ask you to have some patience\n(you're worth so much more)\nTo my dudes at the bar with a freak and\nSteady lightin cigars at the parties they sneak in\nAnd look forward to being a star on the weekend\nYa are part of the speech coz\n\n[Verse 1: Drake]\nI'm from the city where people be gettin lazy\nLitterin in the streets\nAnd the club district is poppin like literally every week\nAnd promoters'll push flyers\nMoney exchange hands\nLiars sell you they dreams\nAnd dummies exchange plans\nHustlers give you events\nBouncers give you pass\nDirectors give em a shot\nSo girls'll give up the ass\n\nAnd groupies that would flock to hometown athletes\nAnd start rolling together like snoopy and woodstock\nDaffy and bugs, its all laughing and hugs\nTil the dude catch a plane\nAnd she back where she was\nRight back on the bus\nIts a shame cause now at his window\nShe throwin bricks like shaq in the clutch\nYou can see thats shes colder\nCuz he doesnt hold her\nFall flat on the ground trying ta lean on his shoulder\nKnow that he tried ta told her\nThat he couldn't mold her\nIf this the type of chick you wanna be when you older, I say\n\n[Hook]\n\n[Verse 2: Drake]\nNow up north theres five artists deservin a listen\nAnd I'm one of em, the other four you know who you are\nBut if you gotta think through\nChances are that it ain't you\nI singlehandedly carry out what you can't do\nAnd see I take a couple of breathers\nAnd then things come together on the spot like a couple thats eager\nIf you wanna pack a duffel and leave her\nGo ahead, I couldn't give two damns like a couple of beavers\nBut uh, the in & the out [?]\nWhenever I'm out in memphis the man seen as trill\nAnd every verse the man seem to kill\nYou can find him with black jays and socks like I'm andreena mill\nJapan and brazil, the audience acreaming\nAnd then you come around and all the fans seems to chill\nAdvances to deals, financing appeals\nThe hustles, I have you feeling like you dancing in heels and uh\n\n[Hook]\nIf you a girl with the aspirations\nOf being in the background witcha asses shakin\nHittin clubs and skippin out on the class you takin\nI ask you to have some patience\n(you're worth so much more)\nTo my dudes in the bar with a freak and\nSteady lightin cigars in the parties they sneak in\nAnd look forward to being a star on the weekend\nYa are part of the speech coz", "image": "https://images.genius.com/c85f36c02060316fcec1ed423c60f0da.1000x1000x1.jpg"}], "artist": "Drake"}