{"songs": [{"title": "Easy to Please", "album": "Comeback Season", "year": "2007-09-01", "lyrics": "[Intro: Drake]\nYeah, look\n\n[Verse 1: Drake]\nMe and Sos, we from two different walks of life\nMutually we understand there's a problem, we don't talk to vice\nThe watch is yellowy-green\nThat's sum awkward ice\nI never signed for a mill' but been offered twice\nI'm awful nice, lyrics that I often write\nInspire no-talent rappers to get off the mic\nAnd I could pick you up from work when you get off tonight\nDrop you at the house soon as you get off the pipe, man\nI flow so cool like autumn nights\nWhen I body this, tell me if the coffin's light\nBut don't try and tell me that a dolphin's white\nMislead Drake, that is not at all polite\nIt's a shame cause that's how the biz goes\nImagine if these other niggas flop and his blows\nBet I get a co-sign somethin' like no time\nThey'll be tryna sub a nigga in like Quizno's\n\n[Hook: Richie Sosa & Drake]\nAll I need is some weight, my scale, some money for bail\nA lil' booth at the club for the whole cartel\nNigga my drink, my smoke, a bird on E\nAnd somethin' heavy on my waist man, I'm easy to please\nI need my moms, my pa, a bottle of cliqua\nThe whole ATF you know who we are\nMy women, my money, and leave me the keys\nOf somethin fast and I'm good man I'm easy to please\n\n[Verse 2: Richie Sosa]\nI never lived in a fancy house\nI grew up where the guns pop and the child molesters pulled the candy out\nSo I never really had a chance to escape\nFast forward to '07, ain't nothin' much changed\nThe D still scope the crip\nAnd the mics ain't really that much bigger than the roaches is\nAnd told the same damn sad story, different publishin'\nD boys jugglin', single mother strugglin'\nThe media try to cover it\nBut the Cottonelle two-ply in your neighbor's house, I'm on some other shit\nMe and Drake from two different walks of life\nBut both understand the pressure from the sharks that bite\nMy left arm's like David Wells\nMy right arm's like Holliday, so I'm probably lookin' at 8 to 12\nFor just tossin' one of my close friends a bag of chips\nShit, I know they want me locked up\n\n[Hook: Richie Sosa & Drake]\nAll I need is some weight, my scale, some money for bail\nA lil' booth at the club for the whole cartel\nNigga my drink, my smoke, a bird on E\nAnd somethin' heavy on my waist man, I'm easy to please\nI need my moms, my pa, a bottle of cliqua\nThe whole ATF you know who we are\nMy women, my money, and leave me the keys\nOf somethin fast and I'm good man I'm easy to please", "image": "https://images.genius.com/866a4a7df935705e834f236499d617c6.1000x1000x1.jpg"}], "artist": "Drake"}