{"songs": [{"title": "Hotline Bling", "album": "Views", "year": "2015-07-25", "lyrics": "[Intro]\nYou used to call me on my\nYou used to, you used to\nYeah\n\n[Chorus]\nYou used to call me on my cell phone\nLate night when you need my love\nCall me on my cell phone\nLate night when you need my love\nAnd I know when that hotline bling\nThat can only mean one thing\nI know when that hotline bling\nThat can only mean one thing\n\n[Verse 1]\nEver since I left the city, you\nGot a reputation for yourself now\nEverybody knows and I feel left out\nGirl, you got me down, you got me stressed out\n\u2018Cause ever since I left the city, you\nStarted wearing less and goin' out more\nGlasses of champagne out on the dance floor\nHangin' with some girls I've never seen before\n\n[Chorus]\nYou used to call me on my cell phone\nLate night when you need my love\nCall me on my cell phone\nLate night when you need my love\nI know when that hotline bling\nThat can only mean one thing\nI know when that hotline bling\nThat can only mean one thing\n\n[Verse 2]\nEver since I left the city, you, you, you\nYou and me, we just don't get along\nYou make me feel like I did you wrong\nGoing places where you don't belong\nEver since I left the city, you\nYou got exactly what you asked for\nRunning out of pages in your passport\nHangin' with some girls I've never seen before\n\n[Chorus]\nYou used to call me on my cell phone\nLate night when you need my love\nCall me on my cell phone\nLate night when you need my love\nAnd I know when that hotline bling\nThat can only mean one thing\nI know when that hotline bling\nThat can only mean one thing\n\n[Bridge]\nThese days, all I do is\nWonder if you're bendin' over backwards for someone else\nWonder if you're rolling up a Backwoods for someone else\nDoing things I taught you, gettin' nasty for someone else\nYou don't need no one else\nYou don't need nobody else, no\nWhy you never alone?\nWhy you always touching road?\nUsed to always stay at home\nBe a good girl, you was in the zone\nYeah, you should just be yourself\nRight now, you're someone else\n\n[Chorus]\nYou used to call me on my cell phone\nLate night when you need my love\nCall me on my cell phone\nLate night when you need my love\nAnd I know when that hotline bling\nThat can only mean one thing\nI know when that hotline bling\nThat can only mean one thing\n\n[Outro]\nEver since I left the city\u2026\n\n[Produced by Nineteen85]", "image": "https://images.genius.com/f3be0158d3a067a81b075686a3a2e63d.1000x1000x1.png"}], "artist": "Drake"}