{"songs": [{"title": "Houstatlantavegas", "album": "So Far Gone", "year": "2009-02-13", "lyrics": "[Verse 1]\nHey there, pretty girl\nYou know exactly what you got\nAnd I don't blame you at all\nYou can't resist it\nEspecially when the light's so bright\nAnd the money's so right\nAnd it's comin' in every single night\nShe don't wanna leave\nShe just stuck in\n\n[Chorus]\nHoustatlantavegas (Ayy), Houstatlantavegas (Ayy)\nHoustatlantavegas (Ayy), Houstatlanta, she just stuck in\nHoustatlantavegas (Ayy), Houstatlantavegas (Ayy)\nHoustatlantavegas (Ayy), Houstatlantavegas\nAnd she dance to the song\nAnd she dance to the song\nAnd it go, \"Hey now, now, watch her go down\"\nOh, oh, oh\n\n[Verse 2]\nShe doesn't ever worry\nIf she wants it, she'll get it on her own\nShe knows there's more to life\nAnd she's scared of ending up alone\n\n[Pre-Chorus]\nThrow your ones up in the air\nThrow your ones up in the air for her\nThrow your ones up in the air\n''Cause the ones you throw will get her out of\n\n[Chorus]\nHoustatlantavegas (Ayy), Houstatlantavegas (Ayy)\nHoustatlantavegas (Ayy), Houstatlanta, she just stuck in\nHoustatlantavegas (Ayy), Houstatlantavegas (Ayy)\nHoustatlantavegas (Ayy), Houstatlantavegas\nAnd she dance to the song\nAnd she dance to the song\nAnd it go, \"Hey now, now, watch her go down\"\nOh, oh\n\n[Verse 3]\nWe all got dreams and we all star reachin'\nAll start peakin', all-star weekend\nOne hotel room that all y'all sleep in\nHousekeeper knock to see if all y'all decent\nYoung girls envy the life y'all leadin'\nNever satisfied with a nice calm evenin'\nYou be at the games lookin' right all season\nBut you always with me on the night y'all leavin'\nAsk Lo, ask Lo, I always request you\nYou go get fucked up and we just show up at your rescue\nCarry you inside, get you some water and undress you\nI give you my all and the next morning you'll forget who\nOr why, or how, or when\nTonight, it's prolly 'bout to happen all over again\nAnd she live in a mindset that I could never move to\nUntil you find yourself, it's impossible to lose you\nUh, because I never had you, although I would be glad to\nI'd probably go and tattoo your name on my heart\nI swear, I start to think that I'm going crazy\n\n[Pre-Chorus]\nThrow your ones up in the air\nThrow your ones up in the air for her\nThrow your ones up in the air\n'Cause the ones you throw will get her out of\n\n[Chorus]\nHoustatlantavegas (Ayy), Houstatlantavegas (Ayy)\nHoustatlantavegas (Ayy), Houstatlanta, she just stuck in\nHoustatlantavegas (Ayy), Houstatlantavegas (Ayy)\nHoustatlantavegas (Ayy), Houstatlantavegas\nAnd she dance to the song\nAnd she dance to the song\nAnd it go, \"Hey now, now, watch her go down\"\nOh, oh, oh", "image": "https://images.genius.com/83ad0a4cdf492e299e507a370ad173a4.1000x1000x1.jpg"}], "artist": "Drake"}