{"songs": [{"title": "305 to My City", "album": "Nothing Was the Same", "year": "2013-09-24", "lyrics": "[Intro]\nDrop down, drop-drop (Shit is real out here)\nDrop down, drop-drop\nDrop down, drop-drop, get it, get it\nDrop down, drop-drop\n\n[Chorus: Detail]\nOooh, 305 to my city, I get it, I get it\nI get it, I get it, I swear that I get it, I get it, I get it\nWe did it, we did it, we did it, we did it\nWe so far from finished, I brought you right back just so we can relive it\n\n[Bridge: Drake]\nI get it, I get it, I get it, I get it\nYour hustle don't ever go unnoticed baby, I'm with you I'm with it\nI get it, I get it, I get it, I get it, I get it, I get it\n\n[Verse 1: Drake]\nThey don't work hard as you, damn that's so crazy\nAt the end of the night when you count, numbers don't lie to my baby\nLocker room full of money, girl you just did it\nI get it I get it, man fuck all that talking, take shots to the kidney\nDown payment on the Jaguar, your roommate got credit\n12 months on the lease, that's a come up baby don't you ever forget it\nConnections are heavy, every real nigga they fuck with you\nNails chipped out in diamonds, you sparkle but fuck man\nThe spark ain't enough for you\n\n[Chorus: Detail]\nOooh, 305 to my city, I get it, I get it\nI get it, I get it, I swear that I get it, I get it, I get it\nWe did it, we did it, we did it, we did it\nWe so far from finished, I brought you right back just so we can relive it\n\n[Bridge: Drake]\nI get it, I get it, I get it, I get it\nYour hustle don't ever go unnoticed baby, I'm with you I'm with it\nI get it, I get it, I get it, I get it, I get it, I get it\n\n[Verse 2: Drake]\nTonight was your night, go get you some lobsters and shrimp\nYou smart and you know it, I get it I get it, you outdo these pimps\nI hope you don't fall, that's you on the top of the ceiling\nDon't you ever forget 'bout your story, I get it, you did it you did it\nGot a link on the champagne, your best friend is bar-tending\nYour parents saying this another phase in your life\nThey can't wait until it's all finished\nShine on them hoes, let 'em know that you run shit\nI get it I get it, I'm working too hard let's get into some fun shit\n281 to my city, heard you had trouble at customs\nYour girl got a DUI, I'll make the calls to get y'all through customs\nTell your best friend, \"Girl get your paperwork right\"\nI get it I get it, what's up for the night?\n\n[Chorus: Detail]\nOooh, 305 to my city, I get it, I get it\nI get it, I get it, I swear that I get it, I get it, I get it\nWe did it, we did it, we did it, we did it\nWe so far from finished, I brought you right back just so we can relive it\n\n[Bridge]\nGet it, get it, get it, drop down, drop drop down\nGet it, get it, get it, drop down, drop drop down\n\n[Outro: Drake]\nYour momma used to live at the church on Sunday\nYou just go to LIV after church on Sunday\nOh Lord, oh Lord we're not in Kansas anymore\nWe're not in Kansas anymore", "image": "https://images.genius.com/9838d0b45ef0f886d371a0e2572f7c6c.1000x1000x1.jpg"}], "artist": "Drake"}