{"songs": [{"title": "Congratulations", "album": "So Far Gone", "year": "2009-02-13", "lyrics": "[Verse 1]\nUh, black hearts on my cardigan\nAt the crib tellin ya girl that we should order-in\nTell G to put his feet up on the ottoman\nWe just up against a bunch of rappers I go harder than\nDamn! I'm so Catriona smarter than\nA lot of these niggas swear the coach just brought the starter in\nYeah, and I'm the type to tell ya daughter things\nI float high, don't try and cut my water wings\nI'm still myself\nSuicide bars, I kill myself\nCharge it to the game, I bill myself\nAnd I don't feel y'all, but I feel myself\nAunty Doe, tell 'em I deserve a mazel tov\nI'm rappin' like a Shepherd with the muzzle off\nI'm next to blow, pause\nAnd I can't hear the critics talkin' over the applause {crowd cheers}\nYeah, I tried to tell 'em, Future let 'em know\nSend the haters all my love, X and O\nI got a black box where suggestions go\nBut I don't really give a fuck, it's prolly best you know\nMy reality is brighter than your dreams are\nI got your dream girl ridin' in your dream car\nYeah, and the visual is stunnin'\nI hope they document what I'm becomin'\nCongratulations\n\n[Verse 2]\nSo what you want an award or somethin'?\nI'm at the private airport boardin' somethin'\nI see nothing from afar but I'm far from nothing\nPut on your poker face, I'll pull ya card if you're bluffin'\nBut I ain't with the hard talk\nI got a monopoly, catch me on my boardwalk\nLike I said we pull your card and find out you're a Hallmark\nJust know I'm breakin' world records, no false start\nI don't see your point unless it's gunpoint or somethin'\nMy deal like Weezy first week, one point somethin'\nAnd my verses gettin' stupider\nWayne if you're on Mars, can you pick me up from Jupiter?\nPhone blowin' up, so I'm cuttin' off my cellular\nI'm a superstar, noted on to my nebula\nI will break a leg, break an arm and a fibula\nWhen I break it down, when I, when I break it down\nI hug and kiss the drum kick\nI put the beat in my back pocket and just sit\nBut, you could never beat my ass, pause\nAgain, dammit y'all, again\nY'all, pretend that we are, some men that get it on, and in\nI'll die before I lose, 'cause I was born, to win\nIf he don't fuck with y'all, then don't bother him\nAnd yes, I fuck this game but I won't father them\nRight, uh\n\n[Verse 3]\nIt's like, these days man, I'm booked and I'm busy\nDad named me Drake, Footz named me Drizzy\nThey tried to tell me I'd never be nothin' but a protege\nBut if you watched the VMAs, there's nothing more to say\nI got the key to happiness and all the copies\nRemember this day like you bought a poppy\nAnd damn, how I get so nice?\nI just spent it all once, 'bout to get rich twice\nSurprise party bitch, now it's on and poppin'\nI always choose dough like it's my only option\n'Cause money always knows best\nChain snatch flow, they say \"Get it off your chest\"\nAnd I'm what all the fuss about\nAnd if they talkin', I bet I'm what they discussion 'bout\nHit me at the office, same extension\nConsider me the reason y'all should pay attention", "image": "https://images.genius.com/c7ddb066d75aec9176d3ff0a6e5e655b.500x500x1.jpg"}], "artist": "Drake"}