{"songs": [{"title": "Glow", "album": "More Life", "year": "2017-03-18", "lyrics": "[Chorus: Kanye West]\nWatch out for me, I'm bound to glow\nYou better watch out for me, I'm bound to glow\n\n[Verse 1: Kanye West]\nYour boy all glowed up\nEvery time we touch down, bet it go up\n'Member doin' shows, ain't nobody show up\nPour your heart out, ain't nobody show love\nThey used to laugh when my whip was on the tow truck\n'Til me and bein' broke finally broke up\n\n[Chorus: Drake]\nWatch out for me, I'm about to glow\n\n[Verse 2: Kanye West]\nTime to shake the dice, time to change the li-i-ight\nNo more 9 to 5, autopilot dri-i-ive\nUsed to work the fries, now we supersi-i-ize\nWe go suit and tie, we gon' touch the sky-y-y\nWe so certified, we so certifi-i-ied\nFuck you haters still, that's an F-Y-I-I-I\nThey gon' bang this here all summerti-i-ime\n\n[Chorus: Drake]\nWatch out for me, I'm about to glow\n\n[Interlude: Kanye West]\nYeah, yeah\nTurn me way up, my voice is really low\nYeah, yeah, yeah, yeah, okay\n\n[Verse 3: Kanye West & Drake]\n(Watch out) Watch out\nWhy, nigga? (The cops out) Cops out\n(It's all love when I ride top down) Top down\nI started out way down low\nStarted from the bottom, now we here now\n\n[Chorus: Drake]\nWatch out for me, I'm about to glow\n\n[Verse 4: Kanye West]\nWe about to get the whole nine\nThe whole nine, we just landed on a gold mine\nWe the new Abu Dhabi, this is our time\n\n[Chorus: Drake]\nWatch out for me, I'm about to glow\n\n[Verse 5: Drake]\nI just take the dreams I've been sold\nAnd sell 'em for more, you already know\n\n[Chorus: Drake]\nWatch out for me, I'm about to glow\n\n[Verse 6: Kanye West]\nHope I deal with karma 'fore my son do\n'Cause I be drivin' round this bih with no sunroof\nMan, the glow got me feelin' like I'm gunproof\n\n[Chorus: Drake]\nWatch out for me, I'm about to glow\n\n[Verse 7: Drake]\nI still have my guard up\nBlame this thing I'm part of\nTryin' to avoid more confrontation\nI just gotta try harder\nTakin' the time to clear my mind\n'Cause soon as I'm able to let that go\n\n[Chorus: Kanye West]\nWatch out for me, I'm bound to glow\n\n[Outro: Earth, Wind & Fire]\nThrough devotion\nBlessed are the children\nWe love y'all too!\nWe believe if there's anything y'all wanna do in life\nYou need devotion\nCan I hear right on?\nThrough devotion\nBlessed are the children\nWe live for it\nClap your hands this evening\nCome on, y'all\nI said it's alright\nClap your hands this evening\nCome on, y'all", "image": "https://images.genius.com/4672f8523e0fbf7f7848185256e946f4.1000x1000x1.jpg"}], "artist": "Drake"}