{"songs": [{"title": "Closer", "album": "Comeback Season", "year": "2007-09-01", "lyrics": "[Intro: Drake]\nYeah I remember me and, me and D used to talk about this kind of stuff all the time\nLike what it's gonna be like when you get closer to your dreams\nI didn't know much then but, probably tell you a lil' somethin' now\n\n[Verse 1: Drake]\nMr. Big Dreams no tolerance\nCut you at the house and haven't hollered since\nGet bored quickly\nHe stay grown\nSo the p-a-tron had to get poured quickly\nEx girl strippin'\nI can't stop her\nNew girl trippin' but I can't drop her\nCause I need somethin' to balance out the fact\nThat it's hard to find a woman when you talented and black\nWhen you hollerin' at labels\nAnd they silencing you back\nCause you fail to thoroughly discuss some violence in ya track\nWell\nGunshot for the young yacht owner\nSee there's everybody else then there's one top loner\nFirst place is often the worst place\nBut fuck it I love it here I call it my birthplace\nWhenever I walk in they makin' the worst face\nSurrounded by Filipinos I think of the worst case\nWatch blue and green diamonds I call it the Earth face\nI'm gettin' ya cake I tell you how ya dessert taste\nI get a dessert plate\nY'all eat pedigree as ya meal\nI've been Urkel for some years it's better bein' Jaleel\nThough I rock lean snap it's better bein' this real\nIt's better drivin' a car with the letter B in the wheel\nSeat back\nLight sayin' tank on E\nI got the drank on me\nYou better bank on me\nTo be the one and only nigga that you ain't gon' see\nIn the club with a model spillin' drinks on me\nNah\nGimme 20 in the tank on 3\nI'm in the Range bumpin' Keyshia Cole\nSingin' off-key like [Andreena harmonizes]\nI'mma spare y'all\nWhy you wanna judge me\nI don't ever compare y'all\nThe city is mine\nI know it because I'm there y'all\nIt ain't even started I'm really tryna prepare y'all\nSpring '07 second quarter I'm droppin'\nWith or without a label man I'm committed to poppin'\nAnd take over the summer\nTour to tour hoppin'\nI'mma meet a lot of women I'mma do a lot of shoppin'\nReally no other option\nSpend a lot of money just to make it back\nAnybody I dissed in a song I don't take it back\nSame rappers that's all in ya face sayin' Drake is wack\nAre checkin' my availability just to make a track\nI promise mama\nI'mma do it cause I know I put you through it (I know I put you through it baby)\nAnd I just want you to sit around with ya friends at a dinner table\nAnd say \"My baby's famous and I knew it\" (yeah)\nAnd it wasn't nothin' to it\nI've drawn it and drew it 'til the pen was out of fluid\nThe ballpoint run out\nThen all joints come out classic\nRappers are fake we can all point one out\n\n[Drake Talking]\nYeah\nI'd like to introduce you to the first lady of the ATF (uhh)\nMiss Andreena Mill\n\n[Hook: Andreena Mill]\nCloser to my dreams I'm gettin' higher\nYeah I feel it in my sleep\nI said I'm gettin' higher\nYeah\nAnd closer to my dreams\nWhoa\nSometimes it feels like I'll never move on\nCloser to my dreams\n\n[Verse 2: Drake]\nLook\nI took a plane to Hawaii with D\nAnd we was trippin' off of the speed at which life progressed\nFrom meetin' Trey in Atlanta to doin' a cameo in his video\nWhich made everything right with X (Songz)\nI got too many records and not enough shows\nFar too many rappers and not enough ___\nWell\nYou can fill the blank in\nThey tryna be the best\nJust tryna place in the rankin'\nDay care play pen drop out\nTo grade ten drop out\nTo summer '05 with the grey Benz drop out\nCharcoal Charger\nRacin' through back streets\nOn my Craig David shit the Artful Dodger\nShola Ama\nI told her I'mma\n'Bout to get my run on so hold the commas\nTimes've changed now I'm older mama\nAnd these niggas ain't solid they fold in drama\nAnd that's the realest shit I ever wrote\nA compilation of mental thoughts that I never note\nAnd \"Hi, haters\nI'm back off of hiatus\nHow ya album doin'?\nI'm gettin' cake off of my latest\"\nAnticipated like the iPhone\nRespected in any city that I roam\nSummertime\nWintertime\nDinnertime\nAnytime\nBet I am the nigga in my town when I arrive\nHome\n\n[Outro: Drake talking]\nYeah one more time 'fore we turn the lights out ladies and gentleman\n(Sing it to' em 'Dreena) lights 'bout to go down, curtains 'bout to close but\nI want y'all to enjoy yourself on the way out, yeah man\n(Yeah man)\n\n[Hook]", "image": "https://images.genius.com/866a4a7df935705e834f236499d617c6.1000x1000x1.jpg"}], "artist": "Drake"}