{"songs": [{"title": "A Little Bit", "album": null, "year": null, "lyrics": "Hands down, I'm too proud for love\nBut with eyes shut, it's you I'm thinkin' of\nBut how we move from A to B, it can't be up to me\n'Cause you don't know who I was before you\nAnd basically, to see a change in me\nI'd be losing, so I just ignore you, yeah\nOh, but you're on my mind, my mind, my mind, my mind, my mind\nOh, but maybe in time in time, in time, I'll tell you I'm\n\n[Chorus: Drake]\nA little bit, a little bit\nA little bit in love with you\nI guess that I'm a little bit, a little bit\nA little bit in love with you\n\n[Verse 2: Drake &\u00a0Lykke Li]\nI know you told me break their hearts\nBut it's you I wanna take apart\nAnd I will never ever be the first, to say it\nBut still I, they know I\nI would do it, push a button\nPull a trigger, climb a mountain\nJump off a cliff 'cause you're my baby\nI love you, love you, a little bit\nI would do it, you would say it\nYou would mean it, we could do it\nIt was you and I and only I, mmm\n\nChorus: Lykke Li]\nI think I'm a little bit, little bit\nA little bit in love with you\nBut only if you're a little bit\nLittle bit in love with me\n\n[Verse 3: Drake]\nI hope they never find out\nWhat they already know, know, know\nAs soon as it's official\nWe'll have to let it go, go, go\nSo we don't confirm the fling\nKeep avoiding all the questions\nYou could teach me many things\nI'm just scared to learn a lesson\nThe pressure's on,\u00a0both hearts beat like a metronome\nBoth in sync like a Justin song\nFeels so right but it's just, so wrong\nI wonder where my world 'bout\nWhen niggas that I know tryna take my girl out\nAnd her friends say I ain't the one to go for\nShe just jealous cause you always get approached more\nOh well, tell her fall back\nCaught up in some more shit, tell her call back\nTell her get a man that ain't cheatin on her ass\nWit a girl that I know, yeah tell her all, that, that\nAnd as for you, I think I know you're the one\nThe closest I've come, I'm probably a\n\nChorus: Drake]\nA little bit, a little bit\nA little bit in love with you\nI guess that I'm a little bit, a little bit\nA little bit in love with you, oh\nOh, oh", "image": "https://images.genius.com/22999a3378819809ee4848f7c60a744c.1000x1000x1.jpg"}], "artist": "Drake"}