{"songs": [{"title": "Money", "album": null, "year": null, "lyrics": "[Hook]\nI take time to make that (Money)\nSome breakdowns get caked back (Money)\nFlip eight times, get eight stacks (Money)\nYou can not get jack for free\nAnd my, proceeds and cash right (Money)\nThere's no need to stash right (Money)\nSame four G's from last night (Money)\nYou cannot take that from me\n\n[Verse 1]\nHey yo I'm movin' on up, excuse a moi, pardon it's me\nThere's a new chapter to life that I'm starting to see\nAnd I'ma make and spend money to the hardest degree\nAnd on the low I probably mimic every artist I see\nI need a house, a wifey, a nice watch and a lot of cake\nI can't lie, there's certain figures I gotta make\nAnd for my family, this a shot that I gotta take\nCause where I live there's nobody as hot as Drake\nWhich basically means, who's faith in his team\nWill resort to new cars, briefcases with cream\nTryna find a space in the jeans for placing the green\nAnd a watch get they attention, the bracelet's clean\nI'm stayin' the music, wifey kinda need to be a band lover\nI keep it flow, an old school like your grandmother\nI'm a tan brother, they use rubber bands to keep his money intact, if you don't like it you should ban rubber\n\n[Hook]\nI take time to make that (Money)\nSome breakdowns get caked back (Money)\nFlip eight times, get eight stacks (Money)\nYou can not get jack for free\nAnd my, proceeds and cash right (Money)\nThere's no need to stash right (Money)\nSame four G's from last night (Money)\nYou cannot take that from me\n\n[Verse 2]\nThese days I really can't break 20s, hunnid and make money, money\nEvery month, the government will take money from me\nMake 750, look how quicky I spent that, don't call me broke cause I strictly  resent that\nLast my P had to flip my the rent, because the tax bracket I'm in's is 50 percent flat\nAll because of Ebay givin' me leway, basically do the PayPal, I need a raise now\nSeems every time a nigga stop and he eat, I end up always tryna shop and compete\nThey know a nigga 'bout it when it's in his size and cops it in more colors than Popsicle Pete\nTill I'm piled to the top with receipts, trust the store and I don't understand less is more\nWanna get 'em to the point where they owe me, and they gon' see Drake's on his JOB, it's like...\n\n[Hook]\nI take time to make that (Money)\nSome breakdowns get caked back (Money)\nFlip eight times, get eight stacks (Money)\nYou can not get jack for free\nAnd my, proceeds and cash right\nThere's no need to stash right\nSame four G's from last night\nYou cannot take that from me", "image": "https://images.genius.com/22999a3378819809ee4848f7c60a744c.1000x1000x1.jpg"}], "artist": "Drake"}