{"songs": [{"title": "You & The 6", "album": "If You\u2019re Reading This It\u2019s Too Late", "year": "2015-02-13", "lyrics": "[Intro]\nRider shit\n\n[Verse 1]\nHaving conversations with mama, man, my life is a mess\nAin't been returning the texts, so she been reading the press\nShe got Google Alerts, them shits go straight to her phone\nShe worry 'bout me from home, you know she raised me alone\nShe said, \"I heard you back with you know who\"\nI told her, \"girl, I'm always back with you know who,\" yeah\nAnd she like, \"Who are we kidding? You're 27, you're just being you\nYou're your father's child, man, thank God you got some me in you\"\nAt least I always, at least I always see it through\nAt least I'm always being true to what you taught me\nRetired teacher, but your words still got me evolvin'\nNever get sloppy drunk, but alcohol is problem solvin'\nAnd look I hate it when you hate on all my girlfriends\nAnd assistants always convinced that there's someone better\nLike that girl from your gym who trains you\nI know you wanna arrange it, you told me she's free Thursday\nAnd I'm sure that she's an angel, but she don't want this life\nThe timing ain't right\nMaybe one day, but even one day with us is the time of her life\nWe do things that people pay to document\nYou got the sweetest heart\nBut I'm not here to give out compliments\nOr boost nobody's confidence, momma\nI got no friends in this, momma\nI don't pretend with this, momma\nI'on joke with this, momma\nI pull the knife out my back and I cut they throat with it, momma\nI'm Game of Thrones with it, momma\nI'm Home Alone with it, momma\nI'm t-\nI really hate using this tone with you, momma\nI really hate gettin' aggressive on this phone with you, momma\nI really hate wasting your time to check a clone or two, momma\nIt's just they cloning me, momma\nThem niggas wannabes, momma\nIts like - I'm the one they wanna be, momma\nI just- I- I can't be out here being vulnerable, momma\nI mean I kill 'em every time they do a song with me, momma\nI sing a hook they sing along with me, momma\nWhat more they want  from me, momma?\nYeah, this is a crazy life\nBut you and the six raised me right\n\"Don't ever take advice,\" that was great advice\n\n[Refrain]\nYou and the six raised me right, that shit saved my life\n\n[Verse 2]\nYeah!\nHaving conversations with momma, we start talkin' 'bout dad\nYou know he dropping a single, he saying this is his window\nThat nigga still wearing linen, that nigga still in the club\nCall him after we get off the phone and show him some love\nThat nigga Memphis for real, girl, he love you to death\nHe made mistakes throughout his life that he still doesn't accept\nBut he just want our forgiveness, and fuck it, look how we're living\nI'm content with this story, who are we not to forgive him?\nAt least I been to a prison, at least I know what it's like\nI used to rap on the phone with one of his friends doing life\nAnd now I got me a Grammy, that could be part of the reason\nLet's just call this shit even, we got some things to believe in\nDo you remember back to Weston Road, Scarlett Road?\nHangin' with Aaron Bell and Reny\nShit could've gone south for me, he looked out for me, ma\nHe never let me do drugs\nHe let me shoot a gun one summer, but out there everyone does\nHe made me listen to his music, old music, soul music\nShit that can only be created if you go through it\nI used to get teased for being black\nAnd now I'm here and I'm not black enough\n'Cause I'm not acting tough\nOr making stories up 'bout where I'm actually from, yeah\nBut I just roll with it, momma, rolling stone with it, momma\nGotta be careful around Rolling Stone\nOr anyone that's tryna throw stones at me, momma\nI'm not condoning it, momma\nThey will not tear nothing down, I built this home for you, momma\nKnow I don't call enough, momma\nI just been working with so little time for personal, momma, yeah\nHard labor let me pay the price\n\n[Refrain]\nYou and the six raised me right, that shit saved my life", "image": "https://images.genius.com/bcf01db777c6e5c46eddb1031a2008d1.1000x1000x1.jpg"}], "artist": "Drake"}