{"songs": [{"title": "Started from the bottom now we here", "album": null, "year": null, "lyrics": "Started....Zombie in the track....\n\n[Hook]\nStarted from the bottom now we're here\nStarted from the bottom now my whole team fucking here\nStarted from the bottom now we're here\nStarted from the bottom now the whole team here, nigga\nStarted from the bottom now we're here\nStarted from the bottom now my whole team here, nigga\nStarted from the bottom now we're here\nStarted from the bottom now the whole team fucking here\n\n[Verse 1]\nI done kept it real from the jump\nLiving at my mama's house we'd argue every month\nNigga, I was trying to get it on my own\nWorking all night, traffic on the way home\nAnd my uncle calling me like \"Where ya at?\nI gave you the keys told ya bring it right back\"\nNigga, I just think its funny how it goes\nNow I'm on the road, half a million for a show\nAnd we...\n\n[Hook]\nStarted from the bottom now we're here\nStarted from the bottom now my whole team fucking here\nStarted from the bottom now we're here\nStarted from the bottom now the whole team here, nigga\nStarted from the bottom now we're here\nStarted from the bottom now the whole team fucking here\nStarted from the bottom now we're here\nStarted from the bottom now the whole team here nigga\n\n[Verse 2]\nBoys tell stories about the man\nSay I never struggled, wasn't hungry, yeah, I doubt it, nigga\nI could turn your boy into the man\nThere ain't really much I hear that's poppin' off without us, nigga\nWe just want the credit where it's due\nI'mma worry about me, give a fuck about you\nNigga, just as a reminder to myself\nI wear every single chain, even when I'm in the house\nCause we...\n\n[Hook]\nStarted from the bottom now we're here\nStarted from the bottom now my whole team fucking here\nStarted from the bottom now we're here\nStarted from the bottom now the whole team here, nigga\n\n[Bridge]\nNo new niggas, nigga we don't feel that\nFuck a fake friend, where you real friends at?\nWe don't like to do too much explaining\nStory stays the same I never changed it\nNo new niggas, nigga we don't feel that\nFuck a fake friend, where you real friends at?\nWe don't like to do too much explaining\nStory stay the same through the money and the fame\nCause we...\n\n[Hook]\nStarted from the bottom now we're here\nStarted from the bottom now my whole team fucking here\nStarted from the bottom now we're here\nStarted from the bottom now the whole team here, nigga\nStarted from the bottom now we're here\nStarted from the bottom now my whole team here, nigga\nStarted from the bottom now we're here\nStarted from the bottom now the whole team here nigga", "image": "https://images.genius.com/22999a3378819809ee4848f7c60a744c.1000x1000x1.jpg"}], "artist": "Drake"}